"","RSV","Plot","forestType","tree_id_field","dist_to_nearest_itd","height_diff_with_nearest"
"1","14","C06","Coniferous",3,1.05255696467203,5.8570053100586
"2","14","C06","Coniferous",4,3.22956306516385,5.1570053100586
"3","14","C06","Coniferous",5,1.22099915233544,11.7230010986328
"4","14","C06","Coniferous",7,5.91889266865941,5.1570053100586
"5","14","C06","Coniferous",8,1.55818612495473,8.2600036621094
"6","14","C06","Coniferous",10,5.56238030480878,2.8929992675781
"7","14","C06","Coniferous",12,1.00712878092301,13.6929992675781
"8","14","C06","Coniferous",13,5.01312554442188,10.1230010986328
"9","14","C06","Coniferous",15,4.43963331820763,6.4929992675781
"10","14","C06","Coniferous",17,0.847162889636608,6.4790008544922
"11","14","C06","Coniferous",19,5.96183380748644,22.0790008544922
"12","14","C06","Coniferous",21,4.25406376499959,-8.4530044555664
"13","14","C06","Coniferous",22,2.95261498893314,14.0469955444336
"14","14","C06","Coniferous",23,4.72677689381517,13.6790008544922
"15","14","C06","Coniferous",24,5.1414736595611,11.2790008544922
"16","14","C06","Coniferous",26,0.298303359959873,19.1829971313477
"17","14","C06","Coniferous",28,3.6738265051268,24.5829971313477
"18","14","C06","Coniferous",30,0.930166830222251,1.1689971923828
"19","14","C06","Coniferous",32,3.01534628644052,-2.4830017089844
"20","14","C06","Coniferous",36,3.3053449718721,8.6600036621094
"21","14","C06","Coniferous",37,1.03603412835723,-4.3769989013672
"22","14","C06","Coniferous",40,5.77952830153046,14.8600036621094
"23","14","C06","Coniferous",42,4.72705148015465,38.2929992675781
"24","14","C06","Coniferous",46,3.26462556727655,14.6790008544922
"25","14","C06","Coniferous",48,3.68074619850761,12.8790008544922
"26","14","C06","Coniferous",50,4.33647609414483,9.6790008544922
"27","14","C06","Coniferous",60,4.48943301170003,3.0469955444336
"28","14","C06","Coniferous",61,1.42598371675606,11.3829971313477
"29","14","C07","Coniferous",1,3.27452834772124,3.8070053100586
"30","14","C07","Coniferous",2,1.96268180846251,0.307998657226598
"31","14","C07","Coniferous",3,2.63738537924663,3.0059951782227
"32","14","C07","Coniferous",5,3.11766719576619,0.307998657226598
"33","14","C07","Coniferous",7,4.55539932225961,6.2269973754883
"34","14","C07","Coniferous",8,3.52125400468584,0.948004150390595
"35","14","C07","Coniferous",9,3.45313084296705,15.8269973754883
"36","14","C07","Coniferous",12,3.05599273390459,2.0199966430664
"37","14","C07","Coniferous",14,2.70851509484029,33.0480041503906
"38","14","C07","Coniferous",15,0.688709849686243,2.4199966430664
"39","14","C07","Coniferous",17,2.79884278321467,7.3930023193359
"40","14","C07","Coniferous",18,3.2972363500077,5.1219955444336
"41","14","C07","Coniferous",21,4.17728371312263,2.5480041503906
"42","14","C07","Coniferous",26,4.03379911275576,0.068995666503902
"43","14","C07","Coniferous",27,2.10736859046069,2.5239959716797
"44","14","C07","Coniferous",28,1.56586437705382,7.4070053100586
"45","14","C07","Coniferous",29,1.76008879076574,0.984004211425805
"46","14","C07","Coniferous",30,1.49925973737604,30.2079986572266
"47","14","C07","Coniferous",31,2.7952853736144,5.4059951782227
"48","14","C07","Coniferous",33,2.83640863032638,2.5079986572266
"49","14","C07","Coniferous",35,4.88115857150122,1.5079986572266
"50","14","C07","Coniferous",38,4.50142559400938,4.6059951782227
"51","14","C07","Coniferous",41,1.73059510512174,3.1090057373047
"52","14","C07","Coniferous",43,1.55308206954503,0.548004150390597
"53","14","C07","Coniferous",47,2.13702160953811,2.2199966430664
"54","14","C07","Coniferous",50,3.77244459823593,4.5219955444336
"55","14","C07","Coniferous",51,3.54954219532727,8.0219955444336
"56","14","C07","Coniferous",53,3.10712802598607,6.7219955444336
"57","14","C07","Coniferous",54,2.09380054599731,18.3199966430664
"58","14","C08","Coniferous",1,3.24171277850738,38.5140014648438
"59","14","C08","Coniferous",2,2.41491647519485,4.3880020141602
"60","14","C08","Coniferous",3,1.54022881837973,3.6739990234375
"61","14","C08","Coniferous",4,4.4848916375081,4.9880020141602
"62","14","C08","Coniferous",5,0.178079893304958,8.9029983520508
"63","14","C08","Coniferous",7,1.63283544793002,NA
"64","14","C08","Coniferous",8,5.70725716889353,-3.6970016479492
"65","14","C08","Coniferous",10,4.67073443979025,5.5029983520508
"66","14","C08","Coniferous",13,0.949027396848855,3.2129959106445
"67","14","C08","Coniferous",16,1.36457942820833,11.0399932861328
"68","14","C08","Coniferous",17,2.1448209971217,5.0399932861328
"69","14","C08","Coniferous",19,4.20826922987682,12.6519973754883
"70","14","C08","Coniferous",22,3.81258433349445,6.077995300293
"71","14","C08","Coniferous",23,3.99479234599836,6.6230026245117
"72","14","C08","Coniferous",25,5.1620656327699,5.777995300293
"73","14","C08","Coniferous",26,3.9660596538891,10.177995300293
"74","14","C08","Coniferous",28,2.96266173084025,2.2880020141602
"75","14","C08","Coniferous",29,3.33639833541935,0.288002014160199
"76","14","C08","Coniferous",30,3.91535804560554,7.9029983520508
"77","14","C08","Coniferous",31,4.40281184649483,NA
"78","14","C08","Coniferous",33,4.92818656039132,0.702998352050805
"79","14","C08","Coniferous",35,5.80579601267535,20.8129959106445
"80","14","C08","Coniferous",37,2.50928748868738,1.3129959106445
"81","14","C08","Coniferous",39,1.39337900611748,4.9140014648438
"82","14","C08","Coniferous",42,0.998334919573244,NA
"83","14","C08","Coniferous",44,3.09865074261786,5.0399932861328
"84","14","C08","Coniferous",45,2.61026958150751,7.1399932861328
"85","14","C08","Coniferous",47,1.82458885306285,8.05199737548831
"86","14","C08","Coniferous",48,3.14992050324138,5.7519973754883
"87","14","D04","Mixed",1,4.605238851665,5.6750045776367
"88","14","D04","Mixed",2,5.93314044188104,NA
"89","14","D04","Mixed",3,3.7597371238505,13.311003112793
"90","14","D04","Mixed",4,3.42308605820038,15.311003112793
"91","14","D04","Mixed",5,0.46158026160718,-2.088996887207
"92","14","D04","Mixed",7,3.03595786462791,17.1589981079102
"93","14","D04","Mixed",12,1.11285886279947,1.3459991455078
"94","14","D04","Mixed",17,1.69940441392731,2.5670013427734
"95","14","D04","Mixed",18,3.02599597737268,6.8009963989258
"96","14","D04","Mixed",20,4.13033407620006,9.1480056762695
"97","14","D04","Mixed",21,4.37662882658645,0.848005676269501
"98","14","D04","Mixed",23,2.60006869456684,-1.5519943237305
"99","14","D04","Mixed",24,0.65838590506058,-1.0520034790039
"100","14","D04","Mixed",27,0.85286537311989,7.2000045776367
"101","14","D04","Mixed",28,1.12673513657883,3.1669982910156
"102","14","D04","Mixed",30,4.14077804045938,4.6750045776367
"103","14","D04","Mixed",31,1.75015549079554,8.1750045776367
"104","14","D04","Mixed",38,1.78417552845213,5.63000030517581
"105","14","D04","Mixed",39,0.44301177723453,1.911003112793
"106","14","D04","Mixed",42,1.78147594938267,-0.174996948242203
"107","14","D04","Mixed",47,4.4224228134679,6.4300003051758
"108","14","D04","Mixed",48,2.42908022190629,35.2459991455078
"109","14","D04","Mixed",49,2.65976935814205,4.4459991455078
"110","14","D04","Mixed",51,1.40016298148449,6.3009963989258
"111","14","D04","Mixed",58,2.21795888085113,3.7670013427734
"112","14","D04","Mixed",59,2.66518946633539,12.5480056762695
"113","14","D08","Mixed",1,0.579549266067682,12.2019958496094
"114","14","D08","Mixed",3,3.86337946344136,5.9980072021484
"115","14","D08","Mixed",6,0.785188408165305,1.0980072021484
"116","14","D08","Mixed",8,6.49331801076562,11.5980072021484
"117","14","D08","Mixed",9,6.79852636001999,0.721000671386697
"118","14","D08","Mixed",11,4.46957190527252,1.2210006713867
"119","14","D08","Mixed",12,1.71289612687642,2.1530014038086
"120","14","D08","Mixed",15,2.2280168455615,3.504997253418
"121","14","D08","Mixed",17,2.6003759859189,28.4210006713867
"122","14","D08","Mixed",19,3.53156245070395,4.0900039672852
"123","14","D08","Mixed",23,4.50080371417168,4.7530014038086
"124","14","D08","Mixed",26,3.23430357513498,2.5999984741211
"125","14","D08","Mixed",27,1.85860615329166,7.3999984741211
"126","14","D08","Mixed",29,3.01991038545882,4.6530014038086
"127","14","D08","Mixed",31,3.75054632090495,2.0319976806641
"128","14","D08","Mixed",32,1.52630868918259,12.5009979248047
"129","14","D08","Mixed",33,1.77503796541177,3.6009979248047
"130","14","D08","Mixed",35,1.36956821046357,0.701995849609403
"131","14","D08","Mixed",36,2.06760247629728,-2.0019927978516
"132","14","D08","Mixed",37,3.07358858208624,5.3980072021484
"133","14","D08","Mixed",38,9.32340015575195,6.7210006713867
"134","14","D08","Mixed",40,2.3916798815966,1.2210006713867
"135","14","D08","Mixed",41,2.06287543518783,4.7210006713867
"136","14","D08","Mixed",45,2.26568877698176,1.004997253418
"137","14","D08","Mixed",47,1.79960932335887,5.0530014038086
"138","14","D08","Mixed",50,3.09688511918965,5.3900039672852
"139","14","D08","Mixed",52,4.79722698807459,21.3530014038086
"140","14","D08","Mixed",53,7.05513929934498,0.599998474121101
"141","14","D08","Mixed",54,3.78159028324551,14.0999984741211
"142","14","D08","Mixed",57,2.60291302881552,17.5360000610352
"143","14","D08","Mixed",58,2.61310045759887,4.6999984741211
"144","14","D10","Mixed",1,2.98789099135355,1.4579956054688
"145","14","D10","Mixed",3,1.50903012742462,32.0579956054688
"146","14","D10","Mixed",4,1.97107504314591,32.9510040283203
"147","14","D10","Mixed",5,1.50029808835621,1.5029998779297
"148","14","D10","Mixed",6,2.3019535927371,33.2510040283203
"149","14","D10","Mixed",7,0.243328695663372,3.9510040283203
"150","14","D10","Mixed",8,1.95232765875277,33.0510040283203
"151","14","D10","Mixed",9,2.79119966585192,32.4579956054688
"152","14","D10","Mixed",10,2.34958742443192,10.7289978027344
"153","14","D10","Mixed",13,2.86219001962969,33.406999206543
"154","14","D10","Mixed",15,0.213303165590546,3.1289978027344
"155","14","D10","Mixed",17,5.56666403474207,31.6289978027344
"156","14","D10","Mixed",18,3.19934197816052,34.5820053100586
"157","14","D10","Mixed",19,0.577470345538728,3.6820053100586
"158","14","D10","Mixed",20,2.5575981743626,4.7660064697266
"159","14","D10","Mixed",21,1.12110095498221,32.4660064697266
"160","14","D10","Mixed",22,2.38012640665089,32.4660064697266
"161","14","D10","Mixed",23,6.53679234817045,4.3820053100586
"162","14","D10","Mixed",24,6.0573741026298,13.2820053100586
"163","14","D10","Mixed",25,4.05078055656978,2.4660064697266
"164","14","D10","Mixed",27,2.12384960359,30.1789993286133
"165","14","D10","Mixed",30,2.76807383062254,17.3789993286133
"166","14","D10","Mixed",33,1.30828174610079,4.2789993286133
"167","14","D10","Mixed",34,4.46818954147629,6.5789993286133
"168","14","D10","Mixed",36,2.52801380669373,7.7029998779297
"169","14","D10","Mixed",37,3.08495748294446,9.9789993286133
"170","14","D10","Mixed",38,2.55626114082288,14.5789993286133
"171","14","D10","Mixed",39,3.75895936092904,0.960000610351603
"172","14","D10","Mixed",40,3.81537311414097,NA
"173","14","D10","Mixed",41,4.40604322282153,7.2789993286133
"174","14","D10","Mixed",42,2.04187148867724,11.2600006103516
"175","14","D10","Mixed",43,1.90868622614469,7.8600006103516
"176","14","D10","Mixed",44,2.98277170477155,-1.0399993896484
"177","14","D10","Mixed",45,4.66166066825739,31.1029998779297
"178","14","D10","Mixed",47,3.07510458435478,1.2600006103516
"179","14","D10","Mixed",49,4.07300866652626,5.2600006103516
"180","14","D10","Mixed",50,5.0351863723329,14.9330032348633
"181","14","D10","Mixed",51,4.91437766838906,-1.2970001220703
"182","14","D10","Mixed",53,3.21057239124318,12.7330032348633
"183","14","D10","Mixed",54,3.84324849623049,NA
"184","14","D10","Mixed",55,5.53788224193133,36.3330032348633
"185","14","D10","Mixed",56,5.88293098766949,15.1330032348633
"186","14","D10","Mixed",57,4.15975390397459,13.4029998779297
"187","14","D10","Mixed",58,4.35856306597986,1.97099609375
"188","14","D10","Mixed",59,1.66518952283596,23.6330032348633
"189","14","D10","Mixed",60,1.34242315544622,NA
"190","14","D10","Mixed",61,2.28640934419054,31.57099609375
"191","14","D10","Mixed",64,2.21099604569982,5.37099609375
"192","14","D10","Mixed",66,4.17262321648986,31.67099609375
"193","14","D10","Mixed",72,3.41539371022212,31.97099609375
"194","14","D10","Mixed",73,2.70017466839298,31.97099609375
"195","14","D10","Mixed",75,2.75643262160456,33.8429992675781
"196","14","D10","Mixed",76,4.59325689062746,2.7510040283203
"197","14","D10","Mixed",77,4.47333193102894,14.3429992675781
"198","14","D10","Mixed",78,2.49618367952606,33.8429992675781
"199","14","D10","Mixed",79,0.276101813430045,-0.0570007324219048
"200","14","D10","Mixed",82,4.97489208651717,33.0510040283203
"201","14","D10","Mixed",83,3.30828291658874,7.5429992675781
"202","14","D10","Mixed",84,3.25653059311453,20.7429992675781
"203","14","D10","Mixed",86,3.04824646556099,5.2579956054688
"204","14","D10","Mixed",88,3.24059089070786,32.4579956054688
"205","14","D10","Mixed",89,2.74973634243876,NA
"206","14","D10","Mixed",90,0.862756905605692,4.1579956054688
"207","14","D10","Mixed",91,0.990220397981516,2.4579956054688
"208","14","D10","Mixed",92,2.77774453034223,32.4579956054688
"209","14","D10","Mixed",93,1.30074248738542,9.7510040283203
"210","14","D10","Mixed",96,2.34696828242124,3.4579956054688
"211","14","D10","Mixed",97,2.55630333073129,13.806999206543
"212","14","D10","Mixed",98,0.658850219165416,16.306999206543
"213","14","D10","Mixed",99,3.06830390642169,5.1289978027344
"214","14","D10","Mixed",104,0.956803010044233,5.4820053100586
"215","14","D10","Mixed",105,1.88953490244224,8.6289978027344
"216","14","D10","Mixed",106,4.0220233713853,20.6289978027344
"217","14","D10","Mixed",107,3.35430508989675,13.4820053100586
"218","14","D10","Mixed",108,1.75394621600941,12.2820053100586
"219","14","D10","Mixed",109,5.72813013704576,3.7820053100586
"220","14","D10","Mixed",110,4.42877454955643,34.4820053100586
"221","14","D10","Mixed",113,3.20169575513955,2.3789993286133
"222","14","D10","Mixed",114,6.57985375019727,11.2789993286133
"223","14","D10","Mixed",115,1.12110095498221,32.6660064697266
"224","14","D10","Mixed",116,1.15993044025003,32.5660064697266
"225","14","D10","Mixed",117,3.4605866666459,0.5789993286133
"226","14","D10","Mixed",118,1.32403951330767,30.1789993286133
"227","14","D10","Mixed",119,2.75864715498856,4.9789993286133
"228","14","D10","Mixed",120,3.99436374405941,2.1789993286133
"229","14","D10","Mixed",122,1.95655859230497,30.7029998779297
"230","14","D10","Mixed",123,2.43827039991901,13.5789993286133
"231","14","D10","Mixed",124,3.44594841878289,3.9600006103516
"232","14","D10","Mixed",125,4.34011671661236,0.978999328613298
"233","14","D10","Mixed",128,1.59399554667895,11.8600006103516
"234","14","D10","Mixed",129,0.290404573305577,1.9600006103516
"235","14","D10","Mixed",131,2.00506742541212,12.5029998779297
"236","14","D10","Mixed",133,2.42248620572825,10.4600006103516
"237","14","D10","Mixed",134,3.21656887011614,NA
"238","14","D10","Mixed",135,3.43090192313682,30.7600006103516
"239","14","D10","Mixed",136,4.99776497024338,1.4029998779297
"240","14","D10","Mixed",137,3.52841831174325,31.2029998779297
"241","14","D10","Mixed",138,3.97071936456596,NA
"242","14","D10","Mixed",139,4.44263898775529,6.3600006103516
"243","14","D10","Mixed",140,3.93598487775631,12.5330032348633
"244","14","D10","Mixed",141,4.27927294749997,20.5330032348633
"245","14","D10","Mixed",142,5.44083128906283,4.27099609375
"246","14","D10","Mixed",144,0.699908565447927,37.0330032348633
"247","14","D10","Mixed",145,3.13894127627142,7.1330032348633
"248","14","D10","Mixed",146,2.89989668786111,NA
"249","14","D10","Mixed",147,3.53126719542314,NA
"250","14","D10","Mixed",148,3.90009858659753,31.07099609375
"251","14","D10","Mixed",149,1.98843333911762,NA
"252","14","D10","Mixed",151,0.622054654833201,NA
"253","14","D10","Mixed",153,3.90664624247566,NA
"254","14","D10","Mixed",154,1.69807749783896,NA
"255","14","D12","Mixed",1,0.663656427998994,27.3510025024414
"256","14","D12","Mixed",2,3.46080820692166,12.4510025024414
"257","14","D12","Mixed",3,2.26544638629999,8.0510025024414
"258","14","D12","Mixed",4,2.72302515801502,-8.6890014648438
"259","14","D12","Mixed",5,2.78789808951501,12.2280014038086
"260","14","D12","Mixed",6,0.228556863916697,1.988996887207
"261","14","D12","Mixed",7,2.75369701000339,-10.411003112793
"262","14","D12","Mixed",8,1.40545394609656,-6.3640060424805
"263","14","D12","Mixed",10,0.638044168997824,-2.6719985961914
"264","14","D12","Mixed",11,1.3946511250816,11.9280014038086
"265","14","D12","Mixed",12,2.38035444072319,11.2510025024414
"266","14","D12","Mixed",13,2.08634498318105,27.5280014038086
"267","14","D12","Mixed",16,3.68308305118963,8.0309982299805
"268","14","D12","Mixed",19,0.972919727663465,8.6309982299805
"269","14","D12","Mixed",20,3.08936871514314,26.488996887207
"270","14","D12","Mixed",25,3.40568443720332,3.1359985351562
"271","14","D12","Mixed",26,2.94492809103035,0.235998535156199
"272","14","D12","Mixed",29,1.43439862997328,12.4050064086914
"273","14","D12","Mixed",30,2.28727002301659,29.7049987792969
"274","14","D12","Mixed",33,0.0767452026794745,17.7279998779297
"275","14","D12","Mixed",34,0.321418527366265,1.3049987792969
"276","14","D12","Mixed",36,1.60101786170585,6.2050064086914
"277","14","D12","Mixed",37,1.6638097351808,13.5640029907227
"278","14","D12","Mixed",38,2.00460086079841,11.3789947509766
"279","14","D12","Mixed",39,0.488473516590258,11.2789947509766
"280","14","D12","Mixed",40,1.35458470116637,5.1789947509766
"281","14","D12","Mixed",41,0.330859955826028,30.1880004882812
"282","14","D12","Mixed",42,3.80035254500837,12.7789947509766
"283","14","D12","Mixed",46,0.905018221962637,0.553001403808601
"284","14","D12","Mixed",47,2.48107615284523,10.2640029907227
"285","14","D12","Mixed",48,1.8623450208222,-3.2769927978516
"286","14","D12","Mixed",49,2.26448468641849,9.3230072021484
"287","14","D12","Mixed",50,3.74121635065173,-5.2769927978516
"288","14","D12","Mixed",51,2.46692802096947,24.8230072021484
"289","14","D12","Mixed",54,2.54369801453494,-5.3300018310547
"290","14","D12","Mixed",55,1.96814749266567,24.6699981689453
"291","14","D12","Mixed",56,0.491406847265765,2.8699981689453
"292","14","D12","Mixed",57,1.61261742581511,7.0530014038086
"293","14","D12","Mixed",58,0.662062266055426,-1.7469985961914
"294","14","D12","Mixed",59,1.47441082857512,21.5530014038086
"295","14","D12","Mixed",60,0.933231876648817,19.6559967041016
"296","14","D12","Mixed",61,0.839557786304923,20.1559967041016
"297","14","D12","Mixed",62,1.66139392483859,-11.0099990844727
"298","14","D12","Mixed",64,3.32982540765079,-9.1099990844727
"299","14","D12","Mixed",65,1.88758433952174,5.2900009155273
"300","14","D12","Mixed",66,2.37034260247025,2.1900009155273
"301","14","D12","Mixed",67,3.09019960679274,6.0109985351562
"302","14","D12","Mixed",68,3.55924687670501,-0.748997497558602
"303","14","D12","Mixed",69,0.617792215717747,NA
"304","14","D12","Mixed",70,1.61740344018705,-1.5489974975586
"305","14","D12","Mixed",71,0.895629542619881,20.4109985351562
"306","14","D12","Mixed",72,1.81847061569063,1.0340057373047
"307","14","D12","Mixed",73,0.945477356219685,NA
"308","14","D12","Mixed",77,1.92001522017875,-1.9719985961914
"309","14","D12","Mixed",79,1.95711110940415,27.3280014038086
"310","14","D12","Mixed",80,0.663896782474015,1.7359939575195
"311","14","D12","Mixed",81,0.283756931117166,-0.965994262695297
"312","14","D12","Mixed",82,1.82015569397863,21.7340057373047
"313","14","D12","Mixed",83,2.71898537769767,-2.1659942626953
"314","14","D12","Mixed",84,1.19942356419686,-1.3640060424805
"315","14","D12","Mixed",85,1.93492764725138,11.0280014038086
"316","14","D12","Mixed",86,2.1532675484241,16.7309982299805
"317","14","D12","Mixed",89,2.77355739865454,25.1309982299805
"318","14","D12","Mixed",90,3.85157616223714,0.588996887206999
"319","14","D12","Mixed",91,0.92856535324747,3.888996887207
"320","14","D12","Mixed",92,1.51883108707893,8.5830001831055
"321","14","D12","Mixed",94,0.543175880501347,4.8359985351562
"322","14","D12","Mixed",95,2.03978537235432,-1.4640014648438
"323","14","D12","Mixed",98,3.11838820547742,12.9279998779297
"324","14","D12","Mixed",99,1.04394717627388,9.3279998779297
"325","14","D12","Mixed",100,2.97128391840848,17.4049987792969
"326","14","D12","Mixed",101,1.27163584916862,11.3279998779297
"327","14","D12","Mixed",102,1.38596136772549,7.9049987792969
"328","14","D12","Mixed",103,1.51245397146078,7.4050064086914
"329","14","D12","Mixed",106,1.78280706536917,9.6050064086914
"330","14","D12","Mixed",107,3.17904781343441,30.7050064086914
"331","14","D12","Mixed",109,1.66219207362299,9.5049987792969
"332","14","D12","Mixed",110,0.784303373818721,9.0880004882812
"333","14","D12","Mixed",113,1.28891433946865,0.2530014038086
"334","14","D12","Mixed",114,1.9876259428343,1.4640029907227
"335","14","D12","Mixed",115,2.98675997674678,12.1789947509766
"336","14","D12","Mixed",116,2.18811757496982,16.2789947509766
"337","14","D12","Mixed",117,1.38780502261713,7.4230072021484
"338","14","D12","Mixed",119,2.26174270251616,6.4530014038086
"339","14","D12","Mixed",120,0.552859565634603,3.0749984741211
"340","14","D12","Mixed",122,1.86810577068224,NA
"341","14","E04","Mixed",1,3.34338372526204,4.5020050048828
"342","14","E04","Mixed",3,4.79825096458107,11.0509979248047
"343","14","E04","Mixed",5,6.92068956101882,7.7509979248047
"344","14","E04","Mixed",10,2.29119431539948,5.5559982299805
"345","14","E04","Mixed",11,4.47207594658945,1.2080001831055
"346","14","E04","Mixed",13,1.65477702252883,15.027001953125
"347","14","E04","Mixed",17,2.21345630253121,15.1710021972656
"348","14","E04","Mixed",21,3.18771010631415,3.8420028686523
"349","14","E04","Mixed",22,2.73120945471735,9.3189987182617
"350","14","E04","Mixed",23,2.95052242746212,2.9079971313477
"351","14","E04","Mixed",26,2.5353248664831,0.307997131347697
"352","14","E04","Mixed",29,3.06444230454194,5.2190032958984
"353","14","E04","Mixed",31,2.2413225649646,21.9190032958984
"354","14","E04","Mixed",33,3.64752008147712,-1.672998046875
"355","14","E04","Mixed",34,4.93214290924703,4.9020050048828
"356","14","E04","Mixed",35,2.71177110134335,11.7020050048828
"357","14","E04","Mixed",41,2.79039353466959,4.3509979248047
"358","14","E04","Mixed",46,5.28883110265056,21.8509979248047
"359","14","E04","Mixed",47,5.87897474053147,10.3509979248047
"360","14","E04","Mixed",50,2.27134275202019,2.6559982299805
"361","14","E04","Mixed",52,0.575114537437985,16.4080001831055
"362","14","E04","Mixed",53,3.17921553620678,32.6809997558594
"363","14","E04","Mixed",54,2.9685709464799,5.5809997558594
"364","14","E04","Mixed",55,1.80235348695819,4.3420028686523
"365","14","E04","Mixed",58,2.52904781110271,5.7190032958984
"366","14","E04","Mixed",60,2.9168969416722,0.319003295898405
"367","14","E04","Mixed",63,2.42028142940088,0.0079971313477003
"368","14","E05","Mixed",4,2.36780913322,11.556999206543
"369","14","E05","Mixed",6,3.18499173706253,-0.0100006103515966
"370","14","E05","Mixed",11,6.08461787141688,10.2839950561523
"371","14","E05","Mixed",13,3.34425876877965,4.6839950561523
"372","14","E05","Mixed",14,3.97721891298843,15.6460037231445
"373","14","E05","Mixed",17,2.16373975540414,-1.3539962768555
"374","14","E05","Mixed",21,2.16269200141792,3.8120025634766
"375","14","E05","Mixed",22,1.06858733277152,7.9619979858398
"376","14","E05","Mixed",26,3.03927259646386,15.7120025634766
"377","14","E05","Mixed",27,2.05465039704184,-0.0640029907226989
"378","14","E05","Mixed",32,1.29444586612235,-4.1279998779297
"379","14","E05","Mixed",37,3.37785852717441,7.3310043334961
"380","14","E05","Mixed",40,2.41876212605935,2.11699981689451
"381","14","E05","Mixed",45,2.83144970050386,-3.943000793457
"382","14","E05","Mixed",46,2.54838172396028,19.1120025634766
"383","14","E05","Mixed",49,0.219507828478988,-0.243000793457
"384","14","E05","Mixed",53,4.11129817102979,16.1899993896484
"385","14","E05","Mixed",54,3.94661938400311,3.9460037231445
"386","14","E05","Mixed",56,3.73722859971603,23.7619979858398
"387","14","E05","Mixed",57,3.79309174683299,5.7619979858398
"388","14","E05","Mixed",58,3.6019476139969,19.9619979858398
"389","14","E05","Mixed",59,3.17969595830767,12.2359970092773
"390","14","E05","Mixed",62,3.63253246295819,4.9359970092773
"391","14","E05","Mixed",65,1.13589865437279,5.8310043334961
"392","14","E08","Mixed",1,2.8905217607284,0.3289993286133
"393","14","E08","Mixed",2,3.97056881400048,32.0410049438477
"394","14","E08","Mixed",4,2.18347634879927,2.5410049438477
"395","14","E08","Mixed",7,0.974637447317665,NA
"396","14","E08","Mixed",8,2.82525693508835,-1.0099960327148
"397","14","E08","Mixed",9,4.02111651162979,6.8950042724609
"398","14","E08","Mixed",10,4.43684804653712,8.0069946289062
"399","14","E08","Mixed",11,2.41909001978007,5.8950042724609
"400","14","E08","Mixed",12,1.63620257770951,12.6069946289062
"401","14","E08","Mixed",13,1.48333632873066,2.8360046386719
"402","14","E08","Mixed",16,2.40307677779633,10.0099945068359
"403","14","E08","Mixed",17,1.13453867274818,0.00999450683590197
"404","14","E08","Mixed",19,2.49701141597297,-5.4900054931641
"405","14","E08","Mixed",20,1.41908881830736,5.3760009765625
"406","14","E08","Mixed",23,1.52652399533889,-4.9920043945312
"407","14","E08","Mixed",25,2.53613135709295,-1.1070022583008
"408","14","E08","Mixed",28,1.18983704146917,0.127998352050799
"409","14","E08","Mixed",29,3.01019671901721,-0.472001647949202
"410","14","E08","Mixed",31,2.85989678239426,4.3289993286133
"411","14","E08","Mixed",32,1.10839198891516,2.7410049438477
"412","14","E08","Mixed",33,3.60459892346275,7.0289993286133
"413","14","E08","Mixed",34,3.76207261612046,3.4950042724609
"414","14","E08","Mixed",38,0.790450727179113,0.990003967285197
"415","14","E08","Mixed",39,3.64023982436134,7.5900039672852
"416","14","E08","Mixed",41,3.31037606380854,6.6950042724609
"417","14","E08","Mixed",43,2.0483258186715,8.6069946289062
"418","14","E08","Mixed",44,2.64162735593819,12.3950042724609
"419","14","E08","Mixed",45,3.42142743076171,NA
"420","14","E08","Mixed",46,5.13528543949523,9.4360046386719
"421","14","E08","Mixed",51,2.12468956024428,4.9760009765625
"422","14","E08","Mixed",53,3.44923966407255,2.5099945068359
"423","14","E08","Mixed",54,2.07494950244732,9.3820037841797
"424","14","E08","Mixed",56,2.27450923137896,25.8209991455078
"425","14","E08","Mixed",57,4.1787456574292,32.0069946289062
"426","14","E08","Mixed",58,3.07313938018054,31.2360046386719
"427","14","E08","Mixed",59,2.86219670175077,32.4820037841797
"428","14","E11","Mixed",1,0.710809861918442,8.806999206543
"429","14","E11","Mixed",2,1.36523198166276,6.406999206543
"430","14","E11","Mixed",3,1.93473774966745,32.006999206543
"431","14","E11","Mixed",4,3.26390628245458,32.906999206543
"432","14","E11","Mixed",5,2.8041641213287,10.9909973144531
"433","14","E11","Mixed",6,4.0215040693339,33.106999206543
"434","14","E11","Mixed",7,5.65061179742207,NA
"435","14","E11","Mixed",8,3.66507746785342,3.2909973144531
"436","14","E11","Mixed",9,3.54204377510044,0.859999084472697
"437","14","E11","Mixed",10,2.19075210016225,11.2599990844727
"438","14","E11","Mixed",11,1.89389516816235,2.9909973144531
"439","14","E11","Mixed",12,0.777697386780452,20.9909973144531
"440","14","E11","Mixed",14,2.09265091604125,20.9599990844727
"441","14","E11","Mixed",15,1.59446986998322,12.6599990844727
"442","14","E11","Mixed",16,4.05471794269054,20.8599990844727
"443","14","E11","Mixed",17,0.97711697197755,NA
"444","14","E11","Mixed",18,1.15874394255395,31.8040008544922
"445","14","E11","Mixed",19,3.92533484246831,0.378999328613304
"446","14","E11","Mixed",21,3.37463181083529,8.7789993286133
"447","14","E11","Mixed",22,2.10215933212584,32.9789993286133
"448","14","E11","Mixed",25,1.4092613306038,20.0940032958984
"449","14","E11","Mixed",26,2.22302655515668,17.8940032958984
"450","14","E11","Mixed",27,2.68736429463481,30.5940032958984
"451","14","E11","Mixed",28,2.11053534949142,31.6040008544922
"452","14","E11","Mixed",31,0.349542558217486,24.7389984130859
"453","14","E11","Mixed",32,2.25501422934634,33.6070007324219
"454","14","E11","Mixed",35,2.74962017676949,2.6440048217773
"455","14","E11","Mixed",36,1.96636757669172,12.5400009155273
"456","14","E11","Mixed",37,2.20802129985348,10.7440048217773
"457","14","E11","Mixed",38,1.8027325918406,-2.7599990844727
"458","14","E11","Mixed",39,3.96416589139125,5.2400009155273
"459","14","E11","Mixed",40,3.62642401528783,12.0400009155273
"460","14","E11","Mixed",41,1.51101652786481,33.2440063476562
"461","14","E11","Mixed",42,1.48069504501059,1.4020004272461
"462","14","E11","Mixed",43,3.31015880662044,14.7459976196289
"463","14","E11","Mixed",45,3.57580234009247,13.2020004272461
"464","14","E11","Mixed",49,2.77968557079627,5.452001953125
"465","14","E11","Mixed",50,1.00328460570488,8.052001953125
"466","14","E11","Mixed",51,4.1054684795487,-2.39300079345701
"467","14","E11","Mixed",52,1.21502809382353,0.106999206542994
"468","14","E11","Mixed",53,3.98715374893361,9.306999206543
"469","14","E11","Mixed",54,4.27299521326923,10.6909973144531
"470","14","E11","Mixed",55,3.12125061905879,11.0040008544922
"471","14","E11","Mixed",56,1.63875990956462,2.4909973144531
"472","14","E11","Mixed",58,4.80555996144611,4.0909973144531
"473","14","E11","Mixed",59,5.92411444856745,5.506999206543
"474","14","E11","Mixed",60,4.07449232881526,-0.0400009155273011
"475","14","E11","Mixed",61,2.39173135670861,33.6909973144531
"476","14","E11","Mixed",62,0.640258650148982,4.6599990844727
"477","14","E11","Mixed",63,2.09265091604125,32.2599990844727
"478","14","E11","Mixed",64,4.1309533822067,6.5789993286133
"479","14","E11","Mixed",65,4.31955784775081,10.4599990844727
"480","14","E11","Mixed",66,5.4816957044828,1.1789993286133
"481","14","E11","Mixed",67,3.46440164239453,-4.1959991455078
"482","14","E11","Mixed",70,2.69031382514918,29.0789993286133
"483","14","E11","Mixed",71,0.555819846397194,18.2789993286133
"484","14","E11","Mixed",72,1.686213046487,12.2789993286133
"485","14","E11","Mixed",74,2.37693144571212,19.2789993286133
"486","14","E11","Mixed",78,1.64729429649766,1.2389984130859
"487","14","E11","Mixed",80,3.11639312969589,18.9940032958984
"488","14","E11","Mixed",81,2.27913593344159,3.0070007324219
"489","14","E11","Mixed",83,1.41590127484909,-0.192999267578095
"490","14","E11","Mixed",84,2.63241840955929,34.1070007324219
"491","14","E11","Mixed",87,0.676528654700944,22.1440048217773
"492","14","E11","Mixed",88,1.98859546287614,0.344004821777304
"493","14","E11","Mixed",89,3.2858149673859,25.2440048217773
"494","14","E11","Mixed",90,3.49933371801086,27.2070007324219
"495","14","E11","Mixed",91,3.54918624340623,25.2400009155273
"496","14","E11","Mixed",92,2.52160256708289,0.0400009155273011
"497","14","E11","Mixed",94,1.8636405550648,33.2400009155273
"498","14","E11","Mixed",95,3.19328941804248,8.8400009155273
"499","14","E11","Mixed",96,1.6818310484336,1.7459976196289
"500","14","E11","Mixed",98,1.53968070935323,1.1440063476562
"501","14","E11","Mixed",99,6.95173609984598,31.606999206543
"502","14","E11","Mixed",103,2.74498638567491,NA
"503","14","E11","Mixed",100,2.80965843917932,NA
"504","14","E11","Mixed",101,3.81494138979874,34.1070007324219
"505","14","E11","Mixed",104,1.27435573435375,NA
"506","14","E11","Mixed",105,6.49408032313352,NA
"507","14","E11","Mixed",106,3.58699648236536,NA
"508","14","E13","Mixed",1,1.59603548386878,-1.8160018920898
"509","14","E13","Mixed",2,0.420409324340511,1.2140045166016
"510","14","E13","Mixed",3,1.95506080185947,-2.6420013427734
"511","14","E13","Mixed",4,1.98227702456873,-1.761003112793
"512","14","E13","Mixed",5,2.69556801393579,-0.742001342773399
"513","14","E13","Mixed",7,1.5428941892828,0.988000488281202
"514","14","E13","Mixed",8,0.596648902272907,2.0549987792969
"515","14","E13","Mixed",9,1.17245012453105,-1.8440032958984
"516","14","E13","Mixed",10,2.24226934775743,-0.1119995117188
"517","14","E13","Mixed",11,2.53233962967568,-0.472999572753899
"518","14","E13","Mixed",12,2.38149539793319,-3.9839996337891
"519","14","E13","Mixed",13,1.882111580088,1.9279983520508
"520","14","E13","Mixed",15,4.06033791695244,2.9869995117188
"521","14","E13","Mixed",16,1.55154110367808,1.6230010986328
"522","14","E13","Mixed",17,3.48812289355624,-0.706997680664102
"523","14","E13","Mixed",18,3.40265522217081,-1.8160018920898
"524","14","E13","Mixed",19,2.29997750498531,-0.916001892089803
"525","14","E13","Mixed",20,1.60221487819711,-1.0420013427734
"526","14","E13","Mixed",23,3.41373556535698,5.0549987792969
"527","14","E13","Mixed",24,3.24921226093294,-0.493000793457
"528","14","E13","Mixed",25,10.0229841925464,-0.6649978637695
"529","14","E13","Mixed",26,3.3425021152182,0.755996704101602
"530","14","E13","Mixed",27,2.70618477873671,0.4530029296875
"531","14","E13","Mixed",28,2.44809676632513,-0.8880004882812
"532","14","E13","Mixed",30,2.33471140953831,-0.288000488281199
"533","14","E13","Mixed",31,2.13344431321157,13.7559967041016
"534","14","E13","Mixed",32,4.68938631376855,15.6350021362305
"535","14","F02","Mixed",1,1.77996196663564,2.7439956665039
"536","14","F02","Mixed",5,3.54031653131841,1.52099609375
"537","14","F02","Mixed",7,1.14668696311366,1.9700012207031
"538","14","F02","Mixed",8,0.926009232110233,7.2760009765625
"539","14","F02","Mixed",9,0.739166341283852,-3.47900390625
"540","14","F02","Mixed",11,2.6607787390515,3.52099609375
"541","14","F02","Mixed",12,3.03620422236249,4.8580017089844
"542","14","F02","Mixed",13,1.47392728123667,-0.751998901367202
"543","14","F02","Mixed",14,2.87336537912974,5.2480010986328
"544","14","F02","Mixed",15,4.47421159058522,8.2610015869141
"545","14","F02","Mixed",16,1.92525260227589,3.1650009155273
"546","14","F02","Mixed",17,0.819855349255957,8.8580017089844
"547","14","F02","Mixed",18,1.95502516697043,7.5900039672852
"548","14","F02","Mixed",19,2.5910455819473,1.5900039672852
"549","14","F02","Mixed",20,3.22681721179006,4.8580017089844
"550","14","F02","Mixed",21,3.84489106104296,1.7279968261719
"551","14","F02","Mixed",24,1.57106217672398,3.7279968261719
"552","14","F02","Mixed",25,0.834824407101248,NA
"553","14","F02","Mixed",27,0.57195684377152,NA
"554","14","F02","Mixed",28,1.82503692576532,-2.2229995727539
"555","14","F02","Mixed",30,4.33904885892643,4.5320053100586
"556","14","F02","Mixed",31,3.11675700161705,5.5320053100586
"557","14","F02","Mixed",33,2.5034187762105,-3.0299987792969
"558","14","F02","Mixed",34,1.47026326434858,1.427001953125
"559","14","F02","Mixed",35,1.09733540907525,1.7569961547852
"560","14","F02","Mixed",36,1.64237532202048,0.955001831054702
"561","14","F02","Mixed",37,0.855663663963236,NA
"562","14","F02","Mixed",38,1.78087894864084,-1.2699966430664
"563","14","F02","Mixed",40,1.31400773577955,-2.7239990234375
"564","14","F02","Mixed",43,1.45848993419695,NA
"565","14","F02","Mixed",44,1.68296416529996,1.8479995727539
"566","14","F02","Mixed",45,1.45091275485917,10.2610015869141
"567","14","F02","Mixed",49,0.390806325516879,0.494003295898398
"568","14","F02","Mixed",51,4.59013208623703,3.2480010986328
"569","14","F02","Mixed",52,3.32956632319787,3.2480010986328
"570","14","F02","Mixed",55,2.36749431237401,6.1650009155273
"571","14","F02","Mixed",57,1.86164646422715,3.8580017089844
"572","14","F02","Mixed",58,2.14647559079485,1.5900039672852
"573","14","F02","Mixed",60,4.97163905598532,11.8580017089844
"574","14","F02","Mixed",61,4.53243656858826,3.286994934082
"575","14","F02","Mixed",64,3.3932302874739,7.2480010986328
"576","14","F02","Mixed",65,3.69835496562129,15.4940032958984
"577","14","F02","Mixed",66,0.994815561642851,14.7270050048828
"578","14","F02","Mixed",67,3.2763306820248,10.9899978637695
"579","14","F02","Mixed",68,2.22525800865225,19.427001953125
"580","14","F14","Mixed",2,0.913413476387035,5.6039993286133
"581","14","F14","Mixed",3,1.95944775188479,NA
"582","14","F14","Mixed",4,1.70015013472272,12.4039993286133
"583","14","F14","Mixed",5,4.59256768679556,25.4039993286133
"584","14","F14","Mixed",6,5.90501018492543,26.6039993286133
"585","14","F14","Mixed",8,6.42947064208916,14.9039993286133
"586","14","F14","Mixed",9,4.0006121585343,4.2570022583008
"587","14","F14","Mixed",10,0.796802318611728,5.3570022583008
"588","14","F14","Mixed",11,2.24590639786198,11.3570022583008
"589","14","F14","Mixed",14,4.35907375372176,-4.9680023193359
"590","14","F14","Mixed",15,5.98276242254464,-5.3680023193359
"591","14","F14","Mixed",17,2.21829161290139,27.1319976806641
"592","14","F14","Mixed",19,2.16796272155904,-1.3680023193359
"593","14","F14","Mixed",20,2.64952334714699,8.225
"594","14","F14","Mixed",21,1.83205959797101,0.531997680664102
"595","14","F14","Mixed",22,1.8885247265731,8.6319976806641
"596","14","F14","Mixed",23,3.30310486538995,-0.768002319335899
"597","14","F14","Mixed",24,3.99825401847858,11.8319976806641
"598","14","F14","Mixed",25,5.95201786742231,10.8109985351562
"599","14","F14","Mixed",26,4.75769696728941,27.9109985351562
"600","14","F14","Mixed",27,3.62221926178227,25.725
"601","14","F14","Mixed",28,0.924276198072914,28.825
"602","14","F14","Mixed",29,1.93587277286304,-0.175000000000001
"603","14","F14","Mixed",31,1.84972214129768,5.7109985351562
"604","14","F14","Mixed",32,1.45672461286423,-1.5890014648438
"605","14","F14","Mixed",33,3.36105221619136,1.6109985351562
"606","14","F14","Mixed",35,3.72604942486939,28.1109985351562
"607","14","F14","Mixed",37,1.79893505604589,-3.7890014648438
"608","14","F14","Mixed",38,2.98701705413084,NA
"609","14","F14","Mixed",39,4.97118997322938,NA
"610","14","F14","Mixed",40,1.44509613935298,NA
"611","14","F14","Mixed",41,2.52637395105544,5.6810043334961
"612","14","F14","Mixed",43,1.32176054015091,13.3499954223633
"613","14","F14","Mixed",44,2.83907754908289,11.5499954223633
"614","14","F14","Mixed",45,2.66838112578,3.3499954223633
"615","14","F14","Mixed",46,1.18433478092179,13.9499954223633
"616","14","F14","Mixed",47,1.73978017246848,NA
"617","14","F14","Mixed",48,1.89670029262915,6.3810043334961
"618","14","F14","Mixed",49,3.81730726858164,10.1499954223633
"619","14","F14","Mixed",50,2.33728623420657,2.1499954223633
"620","14","F14","Mixed",51,2.30877132245511,31.8499954223633
"621","14","F14","Mixed",52,3.86775170148249,22.0499954223633
"622","14","F14","Mixed",53,5.87368902954076,2.5499954223633
"623","14","F14","Mixed",55,3.81640702738812,6.3050033569336
"624","14","F14","Mixed",56,3.51121457472375,NA
"625","14","F14","Mixed",57,3.24947811631603,3.2810043334961
"626","14","F14","Mixed",58,3.03013076688424,1.6050033569336
"627","14","F14","Mixed",59,3.94366113800002,10.6050033569336
"628","14","F14","Mixed",60,1.27918170452304,11.6050033569336
"629","14","F14","Mixed",61,2.09842876745525,-1.0949966430664
"630","14","F14","Mixed",64,2.4865991734315,21.5110015869141
"631","14","F14","Mixed",65,0.202136413680221,12.1110015869141
"632","14","F14","Mixed",66,1.31873879143033,18.0110015869141
"633","14","F14","Mixed",67,2.2492742283513,23.5789993286133
"634","14","F14","Mixed",68,2.40329615563616,8.9219970703125
"635","14","F14","Mixed",69,2.69337706918559,-3.6889984130859
"636","14","F14","Mixed",70,4.16352139773424,5.9219970703125
"637","14","F14","Mixed",71,4.15812812656585,7.9219970703125
"638","14","F14","Mixed",73,4.55485069312176,23.9039993286133
"639","14","F14","Mixed",74,0.445350894227467,10.7570022583008
"640","14","F14","Mixed",75,2.2421132888105,NA
"641","14","F14","Mixed",76,2.99528187926134,9.8570022583008
"642","14","F14","Mixed",77,5.30213843653571,-5.3680023193359
"643","14","F14","Mixed",79,2.3063682548474,12.2570022583008
"644","14","F14","Mixed",80,2.31791062995852,0.0249999999999986
"645","14","F14","Mixed",81,2.60086235574995,-6.1680023193359
"646","14","F14","Mixed",82,3.81727083799176,11.5319976806641
"647","14","F14","Mixed",84,0.804927932041291,10.425
"648","14","F14","Mixed",85,4.14841692248949,13.5319976806641
"649","14","F14","Mixed",86,5.54702125710973,9.0319976806641
"650","14","F14","Mixed",87,5.14526357994757,NA
"651","14","F14","Mixed",88,2.04067789815337,12.025
"652","14","F14","Mixed",89,3.36105221619136,9.7109985351562
"653","14","F14","Mixed",90,1.98806552197759,1.025
"654","14","F14","Mixed",91,1.17483545579459,26.9109985351562
"655","14","F14","Mixed",92,2.99184589412398,0.7109985351562
"656","14","F14","Mixed",93,5.08697373810683,5.7109985351562
"657","14","F14","Mixed",94,3.46083457216486,13.1499954223633
"658","14","F14","Mixed",95,2.49822011842457,NA
"659","14","F14","Mixed",96,2.69306388890392,4.1499954223633
"660","14","F14","Mixed",97,3.23952943897405,13.5499954223633
"661","14","F14","Mixed",98,1.43741761799378,NA
"662","14","F14","Mixed",99,0.918157941936131,3.9810043334961
"663","14","F14","Mixed",101,2.68841755723453,16.0499954223633
"664","14","F14","Mixed",102,4.75745633489422,8.0499954223633
"665","14","F14","Mixed",103,4.31059368598502,7.9499954223633
"666","14","F14","Mixed",104,4.15849395814073,NA
"667","14","F14","Mixed",105,4.68608686808989,9.4050033569336
"668","14","F14","Mixed",106,2.47138561561432,30.8050033569336
"669","14","F14","Mixed",107,1.90787089334721,9.6050033569336
"670","14","F14","Mixed",108,2.7428537623391,NA
"671","14","F14","Mixed",109,3.81836529291224,5.2050033569336
"672","14","F14","Mixed",111,3.25477269208429,19.1050033569336
"673","14","F14","Mixed",112,1.39249506195335,6.8050033569336
"674","14","F14","Mixed",113,4.66883298884004,NA
"675","14","F14","Mixed",114,2.27314631554368,NA
"676","14","F14","Mixed",115,2.27314631554368,NA
"677","14","F14","Mixed",116,6.17580596780516,27.5789993286133
"678","14","F14","Mixed",117,8.1304341036063,28.0039993286133
"679","14","F17","Coniferous",1,1.08656114018806,-2.7769958496094
"680","14","F17","Coniferous",3,1.30189682074122,-3.3970016479492
"681","14","F17","Coniferous",4,2.91662415380898,-8.3669982910156
"682","14","F17","Coniferous",5,1.86449545282137,-4.5349960327148
"683","14","F17","Coniferous",6,2.62916172897467,1.1720001220703
"684","14","F17","Coniferous",7,1.85680602382458,2.1720001220703
"685","14","F17","Coniferous",8,3.30737097436676,-3.356005859375
"686","14","F17","Coniferous",9,2.64839408794584,NA
"687","14","F17","Coniferous",10,1.94511469554353,2.7059967041016
"688","14","F17","Coniferous",11,0.905742255190121,-3.8489990234375
"689","14","F17","Coniferous",12,2.40979158745166,-1.7059982299805
"690","14","F17","Coniferous",13,2.79976688024476,-2.7059982299805
"691","14","F17","Coniferous",14,0.477947101532848,-0.498002624511702
"692","14","F17","Coniferous",15,2.1341850619077,-3.1229965209961
"693","14","F17","Coniferous",16,4.14223601884312,-2.1229965209961
"694","14","F17","Coniferous",17,2.49150360515205,-3.1750045776367
"695","14","F17","Coniferous",18,2.03336663598991,-3.9750045776367
"696","14","F17","Coniferous",19,1.81218323404574,-7.5810043334961
"697","14","F17","Coniferous",20,2.12076321076179,-5.0829986572266
"698","14","F17","Coniferous",21,1.52346170161791,-7.3970016479492
"699","14","F17","Coniferous",22,2.24019519345203,-5.2349960327148
"700","14","F17","Coniferous",23,1.56391259943228,-3.302001953125
"701","14","F17","Coniferous",24,1.04394836832441,-1.1709976196289
"702","14","F17","Coniferous",25,2.82351083745566,-1.6709976196289
"703","14","F17","Coniferous",26,3.56801385401902,NA
"704","14","F17","Coniferous",27,3.00321869651665,1.5599990844727
"705","14","F17","Coniferous",28,1.01529820881833,4.1059967041016
"706","14","F17","Coniferous",29,1.62651432312645,11.9720031738281
"707","14","F17","Coniferous",30,1.60798520583399,-0.898002624511701
"708","14","F17","Coniferous",31,1.78584321820829,-2.4099990844727
"709","14","F17","Coniferous",32,0.941482369187061,2.2770034790039
"710","14","F17","Coniferous",33,1.33884082557823,-2.9489990234375
"711","14","F17","Coniferous",34,1.42960070397649,19.4900009155273
"712","14","G01","Mixed",1,2.23820501670833,17.8559982299805
"713","14","G01","Mixed",3,0.790022594007702,-1.9679946899414
"714","14","G01","Mixed",4,2.18159217778316,1.4809951782227
"715","14","G01","Mixed",5,2.06584244318237,21.7769958496094
"716","14","G01","Mixed",7,1.43697773121963,20.3029983520508
"717","14","G01","Mixed",9,1.23195584455867,5.1300048828125
"718","14","G01","Mixed",11,2.4365734683533,9.5540008544922
"719","14","G01","Mixed",12,1.19184010847212,15.586994934082
"720","14","G01","Mixed",13,1.58727840935493,1.9970016479492
"721","14","G01","Mixed",14,1.36743479670523,1.2279968261719
"722","14","G01","Mixed",15,2.11788278906598,1.2279968261719
"723","14","G01","Mixed",16,2.64133761323784,17.0279968261719
"724","14","G01","Mixed",17,0.657042616567029,4.2570037841797
"725","14","G01","Mixed",19,1.88794630188083,14.6760009765625
"726","14","G01","Mixed",20,0.968329667279542,2.7760009765625
"727","14","G01","Mixed",21,3.09329714501178,13.6619995117188
"728","14","G01","Mixed",22,0.948837441683208,-0.1380004882812
"729","14","G01","Mixed",24,1.09591075487833,2.4839935302734
"730","14","G01","Mixed",25,3.14298979572355,-1.8440017700195
"731","14","G01","Mixed",26,1.50810065490078,-2.0500030517578
"732","14","G01","Mixed",29,0.723950965185312,3.0769958496094
"733","14","G01","Mixed",30,0.606715434514591,NA
"734","14","G01","Mixed",32,2.16432296265543,NA
"735","14","G01","Mixed",34,0.375129276104209,7.8209991455078
"736","14","G01","Mixed",35,2.76761481651679,1.1300048828125
"737","14","G01","Mixed",36,2.86930459110136,5.7799987792969
"738","14","G01","Mixed",37,2.14928424475302,-12.7239990234375
"739","14","G01","Mixed",38,0.862965623723823,NA
"740","14","G01","Mixed",39,3.45851142883442,1.2279968261719
"741","14","G01","Mixed",40,1.38850354142587,NA
"742","14","G01","Mixed",41,2.00845350460473,8.1559982299805
"743","14","G01","Mixed",42,1.6369773351054,4.0660018920898
"744","14","G01","Mixed",43,2.62163217524383,16.9970016479492
"745","14","G01","Mixed",44,1.96730907584857,13.0769958496094
"746","14","G01","Mixed",45,0.946961153614383,14.0769958496094
"747","14","G01","Mixed",46,1.01647313162333,14.0769958496094
"748","14","G01","Mixed",47,0.714480700100493,13.0580062866211
"749","14","G01","Mixed",48,1.47993304365151,14.2570037841797
"750","14","G01","Mixed",49,1.82661024854466,10.1049957275391
"751","14","G01","Mixed",50,2.95707710414671,16.0769958496094
"752","14","G12","Coniferous",2,1.81256016592136,-1.8660049438477
"753","14","G12","Coniferous",4,1.01468789842844,-0.5100006103516
"754","14","G12","Coniferous",5,1.57179208371153,8.0510040283203
"755","14","G12","Coniferous",6,1.34472004522556,-0.924996948242203
"756","14","G12","Coniferous",8,2.54209991936034,2.838996887207
"757","14","G12","Coniferous",9,1.03290693948744,-0.353001403808602
"758","14","G12","Coniferous",10,1.79940456197635,-0.320002746581999
"759","14","G12","Coniferous",11,0.580538925509539,2.3390029907227
"760","14","G12","Coniferous",13,0.675094764365874,2.9690017700195
"761","14","G12","Coniferous",15,1.8014155244441,-0.830998229980501
"762","14","G12","Coniferous",16,1.35254171495114,-0.606004333496102
"763","14","G12","Coniferous",17,3.12103515549508,-0.127999877929703
"764","14","G12","Coniferous",18,0.926283293852364,1.822998046875
"765","14","G12","Coniferous",19,1.86007311685502,8.325
"766","14","G12","Coniferous",20,1.89562470036281,0.120994567871101
"767","14","G12","Coniferous",21,1.54625231613477,0.9139999389648
"768","14","G12","Coniferous",22,2.8105261731199,0.525001525878899
"769","14","G12","Coniferous",23,0.751236596695879,10.8400009155273
"770","14","G12","Coniferous",24,1.23157252946428,-0.4729934692383
"771","14","G12","Coniferous",25,2.32813126409658,0.322994995117202
"772","14","G12","Coniferous",26,0.697051827794192,0.0290008544922031
"773","14","G12","Coniferous",27,1.69745537268819,-1.9660049438477
"774","14","G12","Coniferous",28,0.69876787364644,-2.0639953613281
"775","14","G12","Coniferous",29,1.12827774773344,-0.110000610351602
"776","14","G12","Coniferous",30,2.50815709797628,2.438996887207
"777","14","G12","Coniferous",31,1.89582229299159,0.6050003051758
"778","14","G12","Coniferous",32,1.12933788004224,-2.7249969482422
"779","14","G12","Coniferous",33,1.22111435766631,-2.5530014038086
"780","14","G12","Coniferous",34,2.43615965180734,2.8390029907227
"781","14","G12","Coniferous",35,1.36701262599879,0.512994384765602
"782","14","G12","Coniferous",37,2.00227539627052,-0.130998229980502
"783","14","G12","Coniferous",38,1.02298554144029,-3.9199981689453
"784","14","G12","Coniferous",39,0.84094003293965,3.1720001220703
"785","14","G12","Coniferous",40,3.64878958010377,-0.4279998779297
"786","14","G12","Coniferous",41,2.0279723864034,1.522998046875
"787","14","G12","Coniferous",42,0.729489877885846,0.3250015258789
"788","14","G12","Coniferous",43,0.434833940821794,0.513999938964801
"789","14","G12","Coniferous",44,1.65920488884024,-1.0790054321289
"790","14","G12","Coniferous",45,1.71280815801261,16.6510040283203
"791","14","G12","Coniferous",46,1.09147025600043,19.395002746582
"792","14","G12","Coniferous",47,1.65941189188385,17.5990051269531
"793","14","G12","Coniferous",48,0.420039982689489,17.1270065307617
"794","14","G12","Coniferous",49,2.26671213500077,16.4899993896484
"795","14","G12","Coniferous",50,1.37293105160679,15.9390029907227
"796","14","G12","Coniferous",51,1.34130421036162,19.736994934082
"797","14","G12","Coniferous",52,1.95721025954454,20.725
"798","14","G13","Mixed",1,2.16381507756146,-1.7910003662109
"799","14","G13","Mixed",2,1.43714277595517,5.2190017700195
"800","14","G13","Mixed",3,2.76523011060519,11.7190017700195
"801","14","G13","Mixed",4,2.4309182592411,-1.5629974365234
"802","14","G13","Mixed",5,2.44393796594658,0.225000000000001
"803","14","G13","Mixed",6,2.38887657517495,-1.3079986572266
"804","14","G13","Mixed",7,0.811220357451456,1.425
"805","14","G13","Mixed",8,2.02516764198925,1.0179977416992
"806","14","G13","Mixed",9,3.31265585788485,1.5079971313477
"807","14","G13","Mixed",10,1.77960949471948,-0.192002868652303
"808","14","G13","Mixed",11,3.76668641029123,-4.2510025024414
"809","14","G13","Mixed",12,1.82517275095382,-1.3669982910156
"810","14","G13","Mixed",13,2.14805041222204,-0.699006652832001
"811","14","G13","Mixed",14,1.9045379056133,7.2060012817383
"812","14","G13","Mixed",15,2.33868220435578,0.906001281738298
"813","14","G13","Mixed",16,1.31033194925219,-0.216000366210899
"814","14","G13","Mixed",17,1.87799809404406,6.4639999389648
"815","14","G13","Mixed",18,1.28649782018946,-0.391999816894501
"816","14","G13","Mixed",19,2.95897487142605,-3.1069946289062
"817","14","G13","Mixed",20,3.23518998511364,7.7479949951172
"818","14","G13","Mixed",21,1.9473665636612,8.2089996337891
"819","14","G13","Mixed",22,0.40868094955508,23.02099609375
"820","14","G13","Mixed",24,0.868400111934327,-0.1359954833984
"821","14","G13","Mixed",25,3.26321571384732,-0.162997436523398
"822","14","G13","Mixed",26,0.738569254007438,1.025
"823","14","G13","Mixed",27,1.69613204416541,-0.607998657226602
"824","14","G13","Mixed",28,1.51386278839532,5.5179977416992
"825","14","G13","Mixed",29,2.16346986826572,0.517997741699201
"826","14","G13","Mixed",30,2.45972098123248,3.8739990234375
"827","14","G13","Mixed",31,3.19238397238285,2.2920013427734
"828","14","G13","Mixed",33,3.04059739080699,0.333001708984401
"829","14","G13","Mixed",34,2.29702163630618,-0.366998291015602
"830","14","G13","Mixed",36,1.14517677485905,2.3179992675781
"831","14","G13","Mixed",37,0.721135897477888,-1.0160003662109
"832","14","G13","Mixed",38,1.09472295200289,-4.0360000610352
"833","14","G13","Mixed",39,0.228670057955772,20.8640045166016
"834","14","G17","Mixed",1,2.05499311884316,34.7480026245117
"835","14","G17","Mixed",2,4.299118111613,1.6429977416992
"836","14","G17","Mixed",3,5.64877123933918,10.9850021362305
"837","14","G17","Mixed",4,2.85404055460837,5.3850021362305
"838","14","G17","Mixed",5,2.54043015004258,38.2850021362305
"839","14","G17","Mixed",8,4.33375317680822,38.6850021362305
"840","14","G17","Mixed",9,1.44632996301564,6.4429977416992
"841","14","G17","Mixed",10,2.01280468846528,33.7429977416992
"842","14","G17","Mixed",12,4.69621443828422,2.2990005493164
"843","14","G17","Mixed",14,1.79620962393743,11.0990005493164
"844","14","G17","Mixed",15,3.67044061694298,2.1319961547852
"845","14","G17","Mixed",16,4.29032737677853,2.6319961547852
"846","14","G17","Mixed",18,2.79185839445152,15.4009994506836
"847","14","G17","Mixed",19,4.15914922319555,14.2539932250977
"848","14","G17","Mixed",20,1.73830635966949,13.82099609375
"849","14","G17","Mixed",24,2.42198080762308,-2.0079986572266
"850","14","G17","Mixed",27,1.9924578260081,-0.351997375488303
"851","14","G17","Mixed",28,1.61780992663383,NA
"852","14","G17","Mixed",30,2.45561860072,3.8850021362305
"853","14","G17","Mixed",31,3.01876725090245,3.8850021362305
"854","14","G17","Mixed",32,3.38403789876238,NA
"855","14","G17","Mixed",35,1.55127952136932,37.9429977416992
"856","14","G17","Mixed",37,1.9268064941377,17.1429977416992
"857","14","G17","Mixed",38,3.93171603741137,NA
"858","14","G17","Mixed",39,6.40686851420091,NA
"859","14","G17","Mixed",41,1.78681928741373,15.6319961547852
"860","14","G17","Mixed",42,3.12060601212295,0.499000549316399
"861","14","G17","Mixed",44,2.77153340819894,2.5009994506836
"862","14","G17","Mixed",46,4.2377837948,NA
"863","14","G17","Mixed",47,4.86849821938825,12.3539932250977
"864","14","G17","Mixed",48,0.575311777818529,6.7539932250977
"865","14","G17","Mixed",49,3.91199552658432,NA
"866","14","G17","Mixed",50,4.8671024815733,NA
"867","14","G19","Mixed",1,0.282205318320518,2.3899993896484
"868","14","G19","Mixed",2,2.36529526232133,19.8899993896484
"869","14","G19","Mixed",3,2.41745481943566,4.640998840332
"870","14","G19","Mixed",4,3.71766603245822,6.640998840332
"871","14","G19","Mixed",5,2.56710640142711,4.9909973144531
"872","14","G19","Mixed",8,2.36390884437388,9.1999969482422
"873","14","G19","Mixed",12,1.26768807258647,8.1999969482422
"874","14","G19","Mixed",13,0.943219077956974,4.4309997558594
"875","14","G19","Mixed",14,2.4550570066665,3.7170028686523
"876","14","G19","Mixed",16,5.82455817794238,-8.0230026245117
"877","14","G19","Mixed",17,0.83689938085857,-4.9049987792969
"878","14","G19","Mixed",18,0.660891783134817,12.9490051269531
"879","14","G19","Mixed",19,1.59317794052047,-8.0509948730469
"880","14","G19","Mixed",20,2.0060685776509,-5.5670013427734
"881","14","G19","Mixed",21,0.310260606192108,-8.29100036621094
"882","14","G19","Mixed",22,1.261425478479,6.50899963378906
"883","14","G19","Mixed",23,4.45167541254599,5.5400009155273
"884","14","G19","Mixed",24,0.375604139783876,11.5410049438477
"885","14","G19","Mixed",25,1.12708446738597,NA
"886","14","G19","Mixed",28,1.50740144511923,8.4889984130859
"887","14","G19","Mixed",29,1.49407519596808,4.3899993896484
"888","14","G19","Mixed",30,1.0786771033334,7.640998840332
"889","14","G19","Mixed",31,0.825963900350095,2.4679946899414
"890","14","G19","Mixed",74,0.936703721407,15.640998840332
"891","14","G19","Mixed",32,3.63598624479548,23.7909973144531
"892","14","G19","Mixed",33,1.2131371742938,7.9909973144531
"893","14","G19","Mixed",34,3.38628651038383,4.4679946899414
"894","14","G19","Mixed",36,1.46680619493318,5.0750045776367
"895","14","G19","Mixed",37,2.24918656358631,5.9909973144531
"896","14","G19","Mixed",39,3.27776717458634,3.1999969482422
"897","14","G19","Mixed",42,0.950894767126727,8.61000213623047
"898","14","G19","Mixed",43,0.749357506641788,3.4309997558594
"899","14","G19","Mixed",44,0.705477729805494,18.4170028686523
"900","14","G19","Mixed",45,2.10492335317183,8.81000213623047
"901","14","G19","Mixed",47,3.20507093278033,-4.0230026245117
"902","14","G19","Mixed",48,2.54753288347036,-4.0230026245117
"903","14","G19","Mixed",49,5.35109608684621,-4.0230026245117
"904","14","G19","Mixed",50,1.05785000063364,-9.0490036010742
"905","14","G19","Mixed",51,1.20435781140656,-12.6880035400391
"906","14","G19","Mixed",52,0.772087307905223,4.5400009155273
"907","14","G19","Mixed",53,2.89500786313987,NA
"908","14","G19","Mixed",55,1.27134774543373,-9.29100036621094
"909","14","G19","Mixed",56,2.36267717043328,4.1399993896484
"910","14","G19","Mixed",57,0.802155221900725,10.4329986572266
"911","14","G19","Mixed",58,1.21551433516304,16.4369964599609
"912","14","G19","Mixed",59,2.91925203149166,16.4369964599609
"913","14","G19","Mixed",60,1.60394606424837,-3.98999786376953
"914","14","G19","Mixed",61,1.11338685411634,19.1999969482422
"915","14","G19","Mixed",62,1.89418533289003,5.7170028686523
"916","14","G19","Mixed",63,0.871835306813185,6.9769973754883
"917","14","G19","Mixed",64,2.60605211318816,-1.68800354003906
"918","14","G19","Mixed",65,4.72416475365757,-0.68800354003906
"919","14","G19","Mixed",66,1.8780805601346,11.5400009155273
"920","14","G19","Mixed",67,1.7361578660304,10.4329986572266
"921","14","G19","Mixed",68,2.45947331229023,2.7410049438477
"922","14","G19","Mixed",69,3.02772921679506,14.0750045776367
"923","14","G19","Mixed",75,2.61067340586984,15.6999969482422
"924","14","G19","Mixed",76,4.81270607140246,11.4309997558594
"925","14","G19","Mixed",79,2.31777926205833,10.7170028686523
"926","14","G19","Mixed",70,1.57458063207116,4.9490051269531
"927","14","G19","Mixed",71,1.9377605312134,8.8740005493164
"928","14","G19","Mixed",72,0.584167401867783,12.1399993896484
"929","14","G19","Mixed",73,2.05091534112782,3.984001159668
"930","14","H02","Mixed",2,0.584276050987989,2.5640029907227
"931","14","H02","Mixed",4,0.692226925503198,7.7689971923828
"932","14","H02","Mixed",5,0.620762338492291,10.3399963378906
"933","14","H02","Mixed",6,1.27500580325443,NA
"934","14","H02","Mixed",7,1.07163860103038,-0.330001831054702
"935","14","H02","Mixed",9,0.846192028534515,4.0380020141602
"936","14","H02","Mixed",10,2.70958391936585,8.75
"937","14","H02","Mixed",11,2.94948913761329,6.75
"938","14","H02","Mixed",14,1.05965639153417,-2.1660003662109
"939","14","H02","Mixed",15,3.7183848818061,9.3519973754883
"940","14","H02","Mixed",16,0.648805227453807,0.0410003662108984
"941","14","H02","Mixed",17,1.92591451114212,-1.7090072631836
"942","14","H02","Mixed",19,0.808086742633774,-4.004997253418
"943","14","H02","Mixed",22,3.22759448765466,-1.3600006103516
"944","14","H02","Mixed",23,2.64340273135179,-3.6380004882812
"945","14","H02","Mixed",24,2.49787012465481,-0.6380004882812
"946","14","H02","Mixed",26,0.89606250302323,NA
"947","14","H02","Mixed",27,2.76538446306067,1.3399963378906
"948","14","H02","Mixed",28,0.52603823797007,7.0819931030273
"949","14","H02","Mixed",29,0.717458405735159,1.3100051879883
"950","14","H02","Mixed",30,0.642834674687883,4.0380020141602
"951","14","H02","Mixed",32,4.44516006145632,18.8519973754883
"952","14","H02","Mixed",34,1.53672457970128,1.75
"953","14","H02","Mixed",35,1.59283084557241,4.0410003662109
"954","14","H02","Mixed",37,2.42470163112194,4.0410003662109
"955","14","H02","Mixed",40,4.02793786579755,5.0960006713867
"956","14","H02","Mixed",41,0.97829714237635,NA
"957","14","H02","Mixed",42,1.05434495104633,-8.3789978027344
"958","14","H02","Mixed",43,2.9340823602025,9.0490036010742
"959","14","H02","Mixed",44,3.06739812026222,10.9879989624023
"960","14","H02","Mixed",45,2.15416242189527,14.0490036010742
"961","14","H02","Mixed",46,1.79530573784392,17.0819931030273
"962","14","H02","Mixed",47,2.19838580960351,16.0380020141602
"963","14","H02","Mixed",50,3.37014110573563,16.75
"964","14","H02","Mixed",51,0.810092997344931,13.3519973754883
"965","14","H02","Mixed",52,2.03884663126932,15.0490036010742
"966","14","H02","Mixed",53,1.52750912915318,15.0490036010742
"967","14","H02","Mixed",54,2.45086634374127,11.9879989624023
"968","14","H02","Mixed",55,0.372457826345777,13.8339996337891
"969","14","H02","Mixed",56,2.06406740199168,11.2909927368164
"970","14","H02","Mixed",57,2.97451447644271,12.6699981689453
"971","14","H04","Mixed",1,0.3631431254457,NA
"972","14","H04","Mixed",2,1.8809072763643,NA
"973","14","H04","Mixed",3,0.312745844290884,NA
"974","14","H04","Mixed",4,1.4810346144706,NA
"975","14","H04","Mixed",7,0.246363486164324,NA
"976","14","H04","Mixed",11,1.49249300219601,1.8569946289062
"977","14","H04","Mixed",12,2.09275954171698,1.1039962768555
"978","14","H04","Mixed",13,3.39171794420458,0.346000671386701
"979","14","H04","Mixed",14,1.38439531718883,1.411003112793
"980","14","H04","Mixed",15,2.0383478218746,2.2430038452148
"981","14","H04","Mixed",16,1.38968187045382,1.5609970092773
"982","14","H04","Mixed",18,0.422977799805573,-1.588996887207
"983","14","H04","Mixed",19,0.650426026516154,-1.588996887207
"984","14","H04","Mixed",24,1.57003184679927,NA
"985","14","H04","Mixed",25,1.99624647777311,-2.4280014038086
"986","14","H04","Mixed",26,2.17943342673769,9.5009994506836
"987","14","H04","Mixed",28,1.34357325886014,3.7250061035156
"988","14","H04","Mixed",29,0.751247775495839,4.7250061035156
"989","14","H04","Mixed",30,2.12585867172233,6.7250061035156
"990","14","H04","Mixed",32,3.15619402355091,1.6899948120117
"991","14","H04","Mixed",34,2.52972860807665,0.689994812011701
"992","14","H04","Mixed",36,2.21020361051581,11.9339981079102
"993","14","H04","Mixed",37,2.76567420596399,11.1320037841797
"994","14","H04","Mixed",38,0.545093451820086,5.2840042114258
"995","14","H04","Mixed",39,0.649780670277683,6.9770050048828
"996","14","H04","Mixed",41,1.70300650204598,NA
"997","14","H04","Mixed",42,0.747193790257008,5.0919952392578
"998","14","H04","Mixed",43,1.74215709600276,6.1320037841797
"999","14","H04","Mixed",44,2.12826893786734,5.7839965820312
"1000","14","H04","Mixed",46,1.12572280906714,4.7839965820312
"1001","14","H04","Mixed",47,2.61112568122456,1.7839965820312
"1002","14","H04","Mixed",48,1.20321687904511,7.2060012817383
"1003","14","H04","Mixed",50,1.4566339313835,6.4150009155273
"1004","14","H04","Mixed",51,1.19068487278475,5.4150009155273
"1005","14","H04","Mixed",54,1.02768672936675,-3.0579986572266
"1006","14","H04","Mixed",56,0.503377378074268,1.8259963989258
"1007","14","H04","Mixed",58,3.02329626219595,-0.217002868652301
"1008","14","H04","Mixed",60,1.7674639609265,5.9029998779297
"1009","14","H04","Mixed",61,0.819624440511308,-0.02099609375
"1010","14","H04","Mixed",64,1.79936417746401,-3.8960037231445
"1011","14","H04","Mixed",65,2.52143279615941,2.0320053100586
"1012","14","H04","Mixed",66,1.4319644564802,-4.1430053710938
"1013","14","H04","Mixed",67,2.2049213560566,2.411003112793
"1014","14","H04","Mixed",68,2.27295518048299,3.2430038452148
"1015","14","H04","Mixed",69,1.06585775659272,NA
"1016","14","H04","Mixed",70,0.286155202105843,0.411003112793001
"1017","14","H04","Mixed",71,1.13412209525483,-2.1669998168945
"1018","14","H04","Mixed",72,1.02705433606026,-2.0429992675781
"1019","14","H04","Mixed",73,2.24344338109193,NA
"1020","14","H04","Mixed",74,0.913577435463628,NA
"1021","14","H04","Mixed",75,1.88547916946528,1.35400390625
"1022","14","H04","Mixed",77,1.69852877514236,0.1679992675781
"1023","14","H04","Mixed",78,1.34927298979157,7.3330001831055
"1024","14","H04","Mixed",79,2.28385505843065,-0.428001403808601
"1025","14","H04","Mixed",81,2.35210628529971,6.5009994506836
"1026","14","H04","Mixed",82,2.01641190343194,NA
"1027","14","H04","Mixed",83,0.564098181133319,-1.5979995727539
"1028","14","H04","Mixed",84,0.751247775495839,3.7250061035156
"1029","14","H04","Mixed",86,2.57992536362727,-2.3100051879883
"1030","14","H04","Mixed",88,2.32546026798956,5.2840042114258
"1031","14","H04","Mixed",90,2.07982605639474,7.0919952392578
"1032","14","H04","Mixed",91,0.927979065315788,3.9770050048828
"1033","14","H04","Mixed",92,0.992989113714907,6.9770050048828
"1034","14","H04","Mixed",93,3.18208511149503,11.2840042114258
"1035","14","H04","Mixed",94,3.24872507802379,7.7829971313477
"1036","14","H05","Mixed",1,4.10199085008067,8.2210006713867
"1037","14","H05","Mixed",2,5.35255095485027,3.2910003662109
"1038","14","H05","Mixed",4,2.82659275412476,-0.708999633789102
"1039","14","H05","Mixed",5,2.89585843434008,0.244003295898398
"1040","14","H05","Mixed",6,2.02001690322667,7.2440032958984
"1041","14","H05","Mixed",7,3.35944102401771,NA
"1042","14","H05","Mixed",11,0.704342427119881,4.2470016479492
"1043","14","H05","Mixed",13,1.52037586350972,NA
"1044","14","H05","Mixed",15,0.843459761515737,11.5460052490234
"1045","14","H05","Mixed",17,2.18747807983315,5.3320007324219
"1046","14","H05","Mixed",19,2.50518551065141,6.3320007324219
"1047","14","H05","Mixed",22,1.9643779055759,NA
"1048","14","H05","Mixed",23,2.09002974989962,-1.1710052490234
"1049","14","H05","Mixed",26,2.18710854699012,2.9079971313477
"1050","14","H05","Mixed",29,0.741995859539435,3.4469985961914
"1051","14","H05","Mixed",30,1.11056251202131,5.0540008544922
"1052","14","H05","Mixed",36,1.53359718102065,4.5619964599609
"1053","14","H05","Mixed",37,0.725279690878815,7.7949981689453
"1054","14","H05","Mixed",38,1.17509011090481,2.0110015869141
"1055","14","H05","Mixed",39,0.546304520626683,7.0110015869141
"1056","14","H05","Mixed",40,2.18071354311114,12.0090026855469
"1057","14","H05","Mixed",41,0.897297187303649,0.6679992675781
"1058","14","H05","Mixed",42,2.40616624530536,-4.2569961547852
"1059","14","H05","Mixed",43,0.487948506468399,-1.3320007324219
"1060","14","H05","Mixed",48,2.10702771420926,-2.7559967041016
"1061","14","H05","Mixed",49,0.380532538558545,0.2200012207031
"1062","14","H05","Mixed",50,1.01731935388088,NA
"1063","14","H05","Mixed",51,2.01424701946977,0.221000671386701
"1064","14","H05","Mixed",53,3.06348413028672,-2.2569961547852
"1065","14","H05","Mixed",54,2.42956083936987,2.2210006713867
"1066","14","H05","Mixed",56,5.39230508733675,4.2910003662109
"1067","14","H05","Mixed",58,2.84937094816043,3.2910003662109
"1068","14","H05","Mixed",59,2.37945843703764,1.2440032958984
"1069","14","H05","Mixed",60,2.09088144668894,4.2910003662109
"1070","14","H05","Mixed",61,0.344037420753331,6.2910003662109
"1071","14","H05","Mixed",64,2.43832558192174,5.2440032958984
"1072","14","H05","Mixed",65,2.78569399456663,3.2470016479492
"1073","14","H05","Mixed",67,2.49215489084222,4.5029983520508
"1074","14","H05","Mixed",68,1.05266661865127,3.9609985351562
"1075","14","H05","Mixed",69,1.1616505903713,5.2470016479492
"1076","14","H05","Mixed",70,1.42816841981289,13.9609985351562
"1077","14","H05","Mixed",71,2.81955544653565,-0.6679992675781
"1078","14","H05","Mixed",73,0.866153680596125,-0.6679992675781
"1079","14","H05","Mixed",77,1.09294892356462,NA
"1080","14","H05","Mixed",83,2.90214714187749,2.0540008544922
"1081","14","H05","Mixed",85,1.8739223015667,NA
"1082","14","H05","Mixed",87,1.6267061215347,2.0710067749023
"1083","14","H05","Mixed",88,2.16121169716337,NA
"1084","14","H05","Mixed",92,2.46951855079529,0.0710067749023011
"1085","14","H05","Mixed",93,1.75983473059787,4.6369934082031
"1086","14","H05","Mixed",94,1.89079985394989,13.6369934082031
"1087","14","H05","Mixed",95,0.581340420820971,12.6369934082031
"1088","14","H05","Mixed",96,1.96638675159953,12.3320007324219
"1089","14","H05","Mixed",97,0.466169552868588,15.7949981689453
"1090","14","H05","Mixed",98,2.60422253393485,17.5619964599609
"1091","14","H05","Mixed",99,1.46463688998662,12.3320007324219
"1092","14","H05","Mixed",100,2.9466644745056,10.8289947509766
"1093","14","H10","Mixed",1,1.07186694941039,-0.862994384765599
"1094","14","H10","Mixed",2,2.73390179648828,-1.2629943847656
"1095","14","H10","Mixed",3,2.12146553575158,-0.4870010375977
"1096","14","H10","Mixed",4,3.15356717751684,-0.137997436523399
"1097","14","H10","Mixed",5,0.876325880803065,0.637002563476603
"1098","14","H10","Mixed",6,2.60337758094006,1.6309967041016
"1099","14","H10","Mixed",7,1.38402243176694,0.681004333496102
"1100","14","H10","Mixed",8,1.4778467049401,-0.956002807617203
"1101","14","H10","Mixed",10,2.44603546055507,-0.7309982299805
"1102","14","H10","Mixed",11,1.4142304379723,1.9060043334961
"1103","14","H10","Mixed",13,2.94446583987894,-1.3939956665039
"1104","14","H10","Mixed",14,2.38733834051616,6.0070022583008
"1105","14","H10","Mixed",15,1.9947978279534,-6.6580017089844
"1106","14","H10","Mixed",16,0.631254687590455,0.844993591308601
"1107","14","H10","Mixed",17,4.5842204435985,-7.5620025634766
"1108","14","H10","Mixed",18,3.87495085401506,-0.555006408691398
"1109","14","H10","Mixed",19,2.18845549657303,0.293998718261701
"1110","14","H10","Mixed",20,2.45903522829321,NA
"1111","14","H10","Mixed",21,2.18705323756356,-2.2760009765625
"1112","14","H10","Mixed",22,2.13852812238008,1.6050033569336
"1113","14","H10","Mixed",23,2.07763209999278,-0.1029968261719
"1114","14","H10","Mixed",24,0.880297594615563,0.597003173828099
"1115","14","H10","Mixed",25,2.59498087665674,2.9970031738281
"1116","14","H10","Mixed",26,0.752370937635696,1.0070022583008
"1117","14","H10","Mixed",27,2.56282491353714,-6.6580017089844
"1118","14","H10","Mixed",28,3.47757018102083,-1.0949966430664
"1119","14","H10","Mixed",29,2.03567827989788,0.469001770019499
"1120","14","H10","Mixed",41,1.89538493613758,11.5370056152344
"1121","14","H10","Mixed",42,2.70736603847234,14.1050033569336
"1122","14","H10","Mixed",43,0.924441391839091,14.3970031738281
"1123","14","H10","Mixed",44,0.997429735849825,13.5319976806641
"1124","14","H10","Mixed",45,1.44448575141559,18.6699951171875
"1125","14","H10","Mixed",46,1.48896205851058,1.7370056152344
"1126","14","H10","Mixed",47,2.14681679224953,13.7939987182617
"1127","14","H10","Mixed",48,1.68226022376522,22.4140014648438
"1128","14","H10","Mixed",49,2.93312194972056,20.4140014648438
"1129","14","H10","Mixed",50,1.22981639405989,19.1530014038086
"1130","14","H10","Mixed",51,0.993506161591563,13.6129989624023
"1131","14","H10","Mixed",53,1.56107027874327,11.4309967041016
"1132","14","H10","Mixed",54,3.58517746726967,24.3309967041016
"1133","14","H10","Mixed",55,0.838085668311437,14.0309967041016
"1134","14","H10","Mixed",56,0.678991442815465,17.2309967041016
"1135","14","H10","Mixed",57,1.2664691650709,17.8810043334961
"1136","14","H10","Mixed",58,1.42686781964802,13.2690017700195
"1137","14","H10","Mixed",59,1.33218056779398,5.1970031738281
"1138","14","H10","Mixed",60,2.53297490776906,22.2530014038086
"1139","14","H10","Mixed",61,2.99094964954278,18.0239990234375
"1140","14","H10","Mixed",62,1.22306701258198,18.6370025634766
"1141","14","H10","Mixed",63,1.79883095897764,18.0370025634766
"1142","14","H10","Mixed",64,1.46760097591194,19.2239990234375
"1143","14","H10","Mixed",65,1.12224044262485,19.8439971923828
"1144","14","H10","Mixed",66,2.20534074413901,16.0319976806641
"1145","14","H10","Mixed",67,2.16531958707464,20.8309967041016
"1146","14","H10","Mixed",68,1.73604877934187,16.7060043334961
"1147","14","H10","Mixed",69,3.21118442491522,18.3070022583008
"1148","14","H10","Mixed",70,1.883373649627,16.2449935913086
"1149","14","H10","Mixed",71,0.906546750386964,20.2530014038086
"1150","14","H10","Mixed",72,1.71292299152482,11.3419982910156
"1151","14","H10","Mixed",73,2.52968115307862,10.6379974365234
"1152","14","H10","Mixed",74,2.12394215840225,10.5309967041016
"1153","14","H10","Mixed",75,1.29120282434344,17.6620025634766
"1154","14","H10","Mixed",76,1.40887938617713,22.4129989624023
"1155","14","H10","Mixed",77,1.58571181613636,20.2810043334961
"1156","14","H10","Mixed",78,2.86634134179928,21.3050033569336
"1157","14","H10","Mixed",79,1.39262452692253,19.6970031738281
"1158","14","H10","Mixed",80,1.41636166094067,16.4970031738281
"1159","14","H10","Mixed",81,2.993386158953,20.0070022583008
"1160","14","H10","Mixed",82,2.45924215970381,17.7070022583008
"1161","14","H10","Mixed",83,1.72608060190615,0.4379974365234
"1162","14","H10","Mixed",84,3.28386863725021,11.7419982910156
"1163","14","H10","Mixed",85,0.612898437926329,15.6449935913086
"1164","14","H10","Mixed",86,1.24573873805237,19.6789978027344
"1165","14","H10","Mixed",88,2.31243670561422,NA
"1166","14","H10","Mixed",89,2.85664591516603,NA
"1167","14","H10","Mixed",90,1.408650088068,NA
"1168","14","H12","Mixed",1,1.52392082215854,0.244998168945298
"1169","14","H12","Mixed",2,0.889879731573137,-0.579003906250001
"1170","14","H12","Mixed",3,1.1929938719753,26.490007019043
"1171","14","H12","Mixed",4,2.17490954911611,0.0159973144530987
"1172","14","H12","Mixed",5,4.00285730935515,-1.109992980957
"1173","14","H12","Mixed",6,2.35910201466749,-12.0370025634766
"1174","14","H12","Mixed",7,1.12105724138429,-1.5380020141602
"1175","14","H12","Mixed",8,1.49608555905885,-10.6370025634766
"1176","14","H12","Mixed",9,3.57324805545719,0.196000671386702
"1177","14","H12","Mixed",10,0.311371380314193,0.946995544433602
"1178","14","H12","Mixed",11,3.09500672617264,0.196000671386702
"1179","14","H12","Mixed",12,1.76754950851905,1.9729949951172
"1180","14","H12","Mixed",13,2.54073334667139,-2.8840026855469
"1181","14","H12","Mixed",14,0.990139075562869,0.754002380371102
"1182","14","H12","Mixed",16,0.953287285417116,-0.188003540039102
"1183","14","H12","Mixed",17,2.34918539070792,-1.2480010986328
"1184","14","H12","Mixed",18,2.49580495855862,10.1559997558594
"1185","14","H12","Mixed",19,0.756120420926751,-0.4089965820312
"1186","14","H12","Mixed",20,5.63505917558604,-0.317997741699202
"1187","14","H12","Mixed",21,2.58461477294545,-0.317997741699202
"1188","14","H12","Mixed",22,1.22307372124071,-1.0600036621094
"1189","14","H12","Mixed",24,0.959288076532123,-0.379003906249999
"1190","14","H12","Mixed",25,0.665169122281485,0.561997985839803
"1191","14","H12","Mixed",26,2.5905355592517,-0.809992980956999
"1192","14","H12","Mixed",27,2.75871702333029,0.6159973144531
"1193","14","H12","Mixed",29,3.57324805545719,5.7960006713867
"1194","14","H12","Mixed",31,3.03834314601864,1.3729949951172
"1195","14","H12","Mixed",32,0.508007411694174,1.6729949951172
"1196","14","H12","Mixed",33,2.43826863070689,1.9469955444336
"1197","14","H12","Mixed",34,1.93749116126811,4.3109970092773
"1198","14","H12","Mixed",35,1.01585375885039,6.8109970092773
"1199","14","H12","Mixed",36,2.749347274955,3.1109970092773
"1200","14","H12","Mixed",37,1.87913565623146,8.3540023803711
"1201","14","H12","Mixed",39,2.54877853097672,-1.3480010986328
"1202","14","H12","Mixed",40,0.859522890414796,2.7559997558594
"1203","14","H12","Mixed",41,0.406823176422795,19.5960006713867
"1204","14","H12","Mixed",42,1.27674816340937,19.4630004882812
"1205","14","H12","Mixed",43,2.15670056849799,21.1619979858398
"1206","14","H12","Mixed",44,2.41472261772929,18.4519989013672
"1207","14","H12","Mixed",45,2.19299871080087,18.82099609375
"1208","14","H12","Mixed",46,3.45716410388683,11.9629974365234
"1209","14","H12","Mixed",47,3.15897546947948,NA
"1210","14","H19","Mixed",1,2.33630596453396,1.4960006713867
"1211","14","H19","Mixed",2,2.59312214162859,5.0610000610352
"1212","14","H19","Mixed",3,2.45202809086293,-2.2800018310547
"1213","14","H19","Mixed",4,2.30243373423026,3.5360000610352
"1214","14","H19","Mixed",5,1.74279331491525,0.119998168945298
"1215","14","H19","Mixed",6,1.91646669424219,1.0910064697266
"1216","14","H19","Mixed",7,2.83102040201399,1.5519958496094
"1217","14","H19","Mixed",8,0.861117024554642,-0.553001403808601
"1218","14","H19","Mixed",9,3.00055904782081,1.0289978027344
"1219","14","H19","Mixed",10,1.77635171479107,1.0269973754883
"1220","14","H19","Mixed",11,1.06016490801874,1.4289978027344
"1221","14","H19","Mixed",12,1.89410714112378,1.5890014648438
"1222","14","H19","Mixed",13,0.994123313372123,0.863999938964803
"1223","14","H19","Mixed",17,2.19026778248258,0.3450012207031
"1224","14","H19","Mixed",18,2.34892994293843,-1.1719955444336
"1225","14","H19","Mixed",19,4.30452895876334,1.6960006713867
"1226","14","H19","Mixed",20,1.83219776013281,2.0960006713867
"1227","14","H19","Mixed",21,2.39976023199117,0.0889938354492017
"1228","14","H19","Mixed",22,2.88767023174513,2.0610000610352
"1229","14","H19","Mixed",23,0.273493750696792,NA
"1230","14","H19","Mixed",24,3.63503342942679,NA
"1231","14","H19","Mixed",25,2.27577238619766,NA
"1232","14","H19","Mixed",26,1.66073470827911,0.136000061035197
"1233","14","H19","Mixed",27,1.47001550379613,-0.248004150390599
"1234","14","H19","Mixed",28,3.17066509636168,0.591006469726601
"1235","14","H19","Mixed",29,2.75141705200356,6.1360000610352
"1236","14","H19","Mixed",30,2.46917244243356,8.7889938354492
"1237","14","H19","Mixed",31,1.40418389054366,1.0269973754883
"1238","14","H19","Mixed",33,2.67949275693357,1.7639999389648
"1239","14","H19","Mixed",34,2.60449647692934,15.1910064697266
"1240","14","H19","Mixed",35,2.02909304095028,18.4269973754883
"1241","14","H19","Mixed",36,2.78469814943911,20.0639999389648
"1242","14","H19","Mixed",37,2.01472232255923,21.8880004882812
"1243","14","H19","Mixed",38,3.50541967073042,20.1199981689453
"1244","14","H19","Mixed",39,0.583558430690071,19.1199981689453
"1245","14","H19","Mixed",40,1.04888458387797,16.6269973754883
"1246","14","H19","Mixed",41,1.01016469969402,19.2639999389648
"1247","14","H19","Mixed",42,1.96229984376784,18.8639999389648
"1248","14","H19","Mixed",43,4.52363896619555,22.2960006713867
"1249","14","H19","Mixed",44,4.89667338701577,22.3960006713867
"1250","14","J02","Mixed",1,0.516896194622472,-0.850997924804702
"1251","14","J02","Mixed",5,1.96451504720502,3.6289978027344
"1252","14","J02","Mixed",6,3.47168161763066,NA
"1253","14","J02","Mixed",9,1.46058957571689,-0.4049987792969
"1254","14","J02","Mixed",11,5.38581408161497,6.8359985351562
"1255","14","J02","Mixed",12,3.28905509839337,-2.1349945068359
"1256","14","J02","Mixed",16,2.49884467614911,4.0250015258789
"1257","14","J02","Mixed",17,0.135677078030976,3.172004699707
"1258","14","J02","Mixed",19,2.93658365462872,5.172004699707
"1259","14","J02","Mixed",20,0.16292636374929,0.586997985839801
"1260","14","J02","Mixed",23,0.470841637375093,12.6100006103516
"1261","14","J02","Mixed",24,2.60017622006697,2.0250015258789
"1262","14","J02","Mixed",25,2.05615754734862,9.0250015258789
"1263","14","J02","Mixed",26,0.684289253255596,4.4580001831055
"1264","14","J02","Mixed",28,3.46289039118261,8.879997253418
"1265","14","J02","Mixed",29,0.965136296176457,-3.3710021972656
"1266","14","J02","Mixed",31,1.68034073925378,7.3040008544922
"1267","14","J02","Mixed",32,1.07922106054478,-3.3399963378906
"1268","14","J02","Mixed",34,2.30868900687694,-0.1640014648438
"1269","14","J02","Mixed",36,1.1371167926608,9.879997253418
"1270","14","J02","Mixed",38,1.4141896548092,1.0250015258789
"1271","14","J02","Mixed",39,0.359089125454596,-1.4130020141602
"1272","14","J02","Mixed",41,1.27273940947294,-3.3899993896484
"1273","14","J02","Mixed",43,0.765415742086824,15.3770065307617
"1274","14","J02","Mixed",44,0.446692622779042,15.3770065307617
"1275","14","J02","Mixed",45,1.13394339363278,11.1490020751953
"1276","14","J02","Mixed",46,2.17550788927568,8.1490020751953
"1277","14","J02","Mixed",47,3.6009184518043,10.8289978027344
"1278","14","J02","Mixed",48,4.0430922932212,16.3040008544922
"1279","14","J02","Mixed",49,1.57757717834617,13.5950012207031
"1280","14","J02","Mixed",50,0.760248320095308,10.5950012207031
"1281","14","J02","Mixed",51,3.57632894429727,16.8359985351562
"1282","14","J02","Mixed",52,2.69183116622299,5.7679977416992
"1283","14","J02","Mixed",53,2.09061373052392,23.879997253418
"1284","14","J02","Mixed",54,1.9425162853699,15.172004699707
"1285","14","J02","Mixed",55,2.79473235894981,18.172004699707
"1286","14","J02","Mixed",56,2.64091718744766,16.6100006103516
"1287","14","J02","Mixed",57,2.6123848140081,14.1940002441406
"1288","14","J02","Mixed",58,1.04718501457968,10.0250015258789
"1289","14","J02","Mixed",59,2.17695487458774,19.0250015258789
"1290","14","J02","Mixed",60,1.41427732071716,9.4580001831055
"1291","14","J02","Mixed",61,2.07724086333331,12.4580001831055
"1292","14","J02","Mixed",62,1.4051724472409,10.1490020751953
"1293","14","J02","Mixed",63,1.12575601759751,9.5950012207031
"1294","14","J02","Mixed",64,2.08882513631943,9.3519973754883
"1295","14","J02","Mixed",65,1.40024547215606,4.3339996337891
"1296","14","J02","Mixed",66,1.61815952468845,11.6859970092773
"1297","14","J02","Mixed",67,2.12492240820423,9.5869979858398
"1298","14","J06","Mixed",2,2.82809986271662,8.5830001831055
"1299","14","J06","Mixed",3,3.18001859833329,NA
"1300","14","J06","Mixed",5,2.5362360930832,0.391006469726602
"1301","14","J06","Mixed",7,0.395142959148478,9.224006652832
"1302","14","J06","Mixed",8,1.12916900904842,1.3910064697266
"1303","14","J06","Mixed",9,1.73291222443473,4.7919998168945
"1304","14","J06","Mixed",11,2.10318767223906,NA
"1305","14","J06","Mixed",14,2.14191100431171,14.6800003051758
"1306","14","J06","Mixed",15,2.26832028510934,4.2560043334961
"1307","14","J06","Mixed",18,1.7823902039632,4.2539978027344
"1308","14","J06","Mixed",19,0.383279363050265,-0.0590057373047017
"1309","14","J06","Mixed",20,0.473553587254397,NA
"1310","14","J06","Mixed",20,0.473553587254397,NA
"1311","14","J06","Mixed",21,2.87830293535081,4.197998046875
"1312","14","J06","Mixed",22,0.365166101483815,7.6719970703125
"1313","14","J06","Mixed",26,2.2283496263291,4.6059951782227
"1314","14","J06","Mixed",27,0.984537406997663,3.234001159668
"1315","14","J06","Mixed",28,2.34845757892419,4.8449935913086
"1316","14","J06","Mixed",29,0.53879417091092,6.8449935913086
"1317","14","J06","Mixed",32,1.04570733623203,2.234001159668
"1318","14","J06","Mixed",34,2.03341878216609,4.8449935913086
"1319","14","J06","Mixed",38,1.17278995326741,NA
"1320","14","J06","Mixed",41,1.59785356204459,5.1210021972656
"1321","14","J06","Mixed",42,0.532624363029479,1.1699981689453
"1322","14","J06","Mixed",44,2.44358485938531,2.97900390625
"1323","14","J06","Mixed",46,1.90151456968786,2.6809997558594
"1324","14","J06","Mixed",47,2.97967286125683,3.6809997558594
"1325","14","J06","Mixed",50,0.984853391738351,0.908004760742202
"1326","14","J06","Mixed",54,2.56182110150736,-10.7119979858398
"1327","14","J06","Mixed",55,1.33493573094204,-6.71199798583984
"1328","14","J06","Mixed",57,1.21355343122444,-6.5839996337891
"1329","14","J06","Mixed",58,3.38716195010966,2.681999206543
"1330","14","J06","Mixed",59,2.68811088248276,13.97900390625
"1331","14","J06","Mixed",60,1.58350125768581,-4.6009979248047
"1332","14","J06","Mixed",62,2.33584279510379,0.791999816894499
"1333","14","J06","Mixed",65,1.66690254868787,2.3910064697266
"1334","14","J06","Mixed",66,1.01555985866643,0.391006469726602
"1335","14","J06","Mixed",67,1.75474896002436,-2.6009979248047
"1336","14","J06","Mixed",70,0.858750836975064,6.2539978027344
"1337","14","J06","Mixed",71,1.66698509101615,3.7779998779297
"1338","14","J06","Mixed",72,2.26521008693488,14.7779998779297
"1339","14","J06","Mixed",74,1.25015979578818,7.197998046875
"1340","14","J06","Mixed",75,2.92122027208168,17.6059951782227
"1341","14","J06","Mixed",77,1.42115891395541,-1.4990005493164
"1342","14","J06","Mixed",79,2.06640173346003,2.6719970703125
"1343","14","J06","Mixed",80,1.48969692742613,11.6719970703125
"1344","14","J06","Mixed",81,1.96393917841225,NA
"1345","14","J06","Mixed",83,2.04942814437812,9.6080017089844
"1346","14","J06","Mixed",85,1.57108113984131,NA
"1347","14","J06","Mixed",86,1.75739138982578,-0.3919982910156
"1348","14","J06","Mixed",87,1.61247243340065,4.6080017089844
"1349","14","J06","Mixed",88,1.72946610260785,NA
"1350","14","J06","Mixed",89,2.48447690937023,2.4329986572266
"1351","14","J06","Mixed",90,0.154353912659072,-2.5670013427734
"1352","14","J06","Mixed",93,2.54109469883252,6.1210021972656
"1353","14","J06","Mixed",94,1.06778561435767,NA
"1354","14","J06","Mixed",95,0.402678480200912,NA
"1355","14","J06","Mixed",96,0.981875950200351,7.6809997558594
"1356","14","J06","Mixed",98,2.01939562050529,NA
"1357","14","J06","Mixed",102,2.53808705469331,2.97900390625
"1358","14","J06","Mixed",106,0.154097391692082,9.1500015258789
"1359","14","J06","Mixed",107,0.263382640596632,4.3030014038086
"1360","14","J06","Mixed",108,2.29861762673001,16.197998046875
"1361","14","J06","Mixed",109,1.18307366700013,9.6059951782227
"1362","14","J06","Mixed",110,2.0969718809215,18.3030014038086
"1363","14","J06","Mixed",111,1.98937404120486,14.2539978027344
"1364","14","J06","Mixed",112,0.432081785638259,14.9409942626953
"1365","14","J06","Mixed",113,0.482182009417161,16.6059951782227
"1366","14","J06","Mixed",114,2.15614786420758,19.8449935913086
"1367","14","J06","Mixed",115,3.35584825802112,15.6809997558594
"1368","14","J07","Mixed",1,2.32631495882154,4.8379974365234
"1369","14","J07","Mixed",2,0.75770626544775,2.9580001831055
"1370","14","J07","Mixed",4,2.42264102258479,1.9820022583008
"1371","14","J07","Mixed",7,1.94703915014219,8.859001159668
"1372","14","J07","Mixed",8,0.271431324512624,6.8379974365234
"1373","14","J07","Mixed",9,1.79843631696488,4.2099990844727
"1374","14","J07","Mixed",10,4.11181703267342,3.5739974975586
"1375","14","J07","Mixed",12,3.38682304470126,1.5599975585938
"1376","14","J07","Mixed",13,2.34271396997416,8.5599975585938
"1377","14","J07","Mixed",15,1.00298581381444,1.1520004272461
"1378","14","J07","Mixed",16,1.21130538631901,3.7430038452148
"1379","14","J07","Mixed",18,2.29765487684199,-1.7900009155273
"1380","14","J07","Mixed",21,2.57087568960449,-1.2569961547852
"1381","14","J07","Mixed",22,2.76182657641438,3.5229949951172
"1382","14","J07","Mixed",23,2.5436588619542,NA
"1383","14","J07","Mixed",26,1.22729302763055,19.2169952392578
"1384","14","J07","Mixed",27,2.41278702408403,-2.6590042114258
"1385","14","J07","Mixed",28,3.69201512768284,7.4570007324219
"1386","14","J07","Mixed",29,3.52309874861337,1.4570007324219
"1387","14","J07","Mixed",31,2.81536938061714,3.89599609375
"1388","14","J07","Mixed",35,2.57266755426243,NA
"1389","14","J07","Mixed",36,1.69010502392272,1.322998046875
"1390","14","J07","Mixed",37,0.870963808191305,1.322998046875
"1391","14","J07","Mixed",38,1.7963854348,4.5749969482422
"1392","14","J07","Mixed",39,1.44846549142458,2.4570007324219
"1393","14","J07","Mixed",41,0.835403656324972,NA
"1394","14","J07","Mixed",42,1.90882536617023,0.0149993896483984
"1395","14","J07","Mixed",43,2.46555392869914,6.6630020141602
"1396","14","J07","Mixed",44,1.37131737419076,1.4570007324219
"1397","14","J07","Mixed",48,1.86549976929683,3.1890029907227
"1398","14","J07","Mixed",49,0.9791678324724,1.3800048828125
"1399","14","J07","Mixed",50,2.69086279061092,NA
"1400","14","J07","Mixed",51,3.24743832107518,-1.6199951171875
"1401","14","J07","Mixed",53,1.16615542494309,7.0350036621094
"1402","14","J07","Mixed",54,3.14237938115795,NA
"1403","14","J07","Mixed",55,0.669808679736487,-0.344001770019499
"1404","14","J07","Mixed",58,3.33569037021727,5.9300003051758
"1405","14","J07","Mixed",59,1.69301718434214,-2.0699996948242
"1406","14","J07","Mixed",60,2.08823662486754,4.1730041503906
"1407","14","J07","Mixed",61,2.16666282796441,2.306999206543
"1408","14","J07","Mixed",62,1.77989653879633,3.5179977416992
"1409","14","J07","Mixed",68,1.25835387470994,5.8379974365234
"1410","14","J07","Mixed",69,1.24400643866988,4.5739974975586
"1411","14","J07","Mixed",71,1.63065149758115,NA
"1412","14","J07","Mixed",72,1.01036429075373,-0.790000915527301
"1413","14","J07","Mixed",74,3.19595874991086,-0.4400024414062
"1414","14","J07","Mixed",77,2.23983416568271,10.1520004272461
"1415","14","J07","Mixed",78,2.73565112759373,10.5599975585938
"1416","14","J07","Mixed",79,0.499189295223164,4.5229949951172
"1417","14","J07","Mixed",80,1.99816600680372,4.7430038452148
"1418","14","J07","Mixed",81,0.776171367929192,6.3140029907227
"1419","14","J07","Mixed",84,2.06405383363996,0.340995788574201
"1420","14","J07","Mixed",85,3.09268622241436,NA
"1421","14","J07","Mixed",86,1.75287365079646,7.3409957885742
"1422","14","J07","Mixed",87,2.80217716488336,-0.10400390625
"1423","14","J07","Mixed",88,1.45107526228053,2.4480056762695
"1424","14","J07","Mixed",90,1.17316830918425,-1.10400390625
"1425","14","J07","Mixed",91,1.06614337086711,1.322998046875
"1426","14","J07","Mixed",92,2.47552116743457,3.5749969482422
"1427","14","J07","Mixed",93,2.50819968032566,8.0149993896484
"1428","14","J07","Mixed",95,0.743520033167214,7.4570007324219
"1429","14","J07","Mixed",96,2.16694649169288,7.6630020141602
"1430","14","J07","Mixed",99,1.81519582436432,4.3800048828125
"1431","14","J07","Mixed",100,1.1708380870732,8.1520004272461
"1432","14","J07","Mixed",101,2.8744372844292,10.859001159668
"1433","14","J07","Mixed",102,1.55619600453522,10.4480056762695
"1434","14","J07","Mixed",103,2.76343431391619,9.3409957885742
"1435","14","J07","Mixed",104,1.19981734817512,8.322998046875
"1436","14","J09","Mixed",1,5.41766731785207,8.5309982299805
"1437","14","J09","Mixed",2,3.17755905481126,0.663002014160199
"1438","14","J09","Mixed",4,2.43852532594805,NA
"1439","14","J09","Mixed",5,1.86647181810483,NA
"1440","14","J09","Mixed",8,1.86086307378144,3.243994140625
"1441","14","J09","Mixed",11,2.86045101336948,NA
"1442","14","J09","Mixed",12,2.80997017733176,17.0470001220703
"1443","14","J09","Mixed",13,3.16414812533703,6.6470001220703
"1444","14","J09","Mixed",16,1.52488588958496,3.1669937133789
"1445","14","J09","Mixed",21,2.00258631041659,-2.3050003051758
"1446","14","J09","Mixed",22,2.3608854271116,NA
"1447","14","J09","Mixed",23,1.22689788838627,12.8320022583008
"1448","14","J09","Mixed",24,2.05737296745286,7.4320022583008
"1449","14","J09","Mixed",25,6.21379375974843,0.432002258300805
"1450","14","J09","Mixed",26,3.83625612875762,NA
"1451","14","J09","Mixed",29,1.24967737649881,13.0390045166016
"1452","14","J09","Mixed",30,3.81511246220803,18.8390045166016
"1453","14","J09","Mixed",31,5.78104156677182,-1.3369979858398
"1454","14","J09","Mixed",32,6.28498050913973,-1.5369979858398
"1455","14","J09","Mixed",37,0.558622805141978,-3.3690017700195
"1456","14","J09","Mixed",38,4.2561674065944,4.4470001220703
"1457","14","J09","Mixed",39,1.58928094142757,3.643994140625
"1458","14","J09","Mixed",41,1.84196809590493,-1.5019989013672
"1459","14","J09","Mixed",45,2.0272187318823,4.3949996948242
"1460","14","J09","Mixed",46,3.7448394627013,9.3320022583008
"1461","14","J09","Mixed",48,4.49912537067191,8.2320022583008
"1462","14","J09","Mixed",50,3.57777844113258,6.6320022583008
"1463","14","J09","Mixed",51,5.89706797678625,3.43200225830081
"1464","14","J09","Mixed",54,3.40696052219987,3.7350006103516
"1465","14","J09","Mixed",55,3.12233689867973,13.6390045166016
"1466","14","J13","Mixed",1,0.855171392581928,-20.3020004272461
"1467","14","J13","Mixed",2,1.64688305596409,2.0199996948242
"1468","14","J13","Mixed",5,2.99342940770759,19.6439987182617
"1469","14","J13","Mixed",6,2.43797969639691,-1.0969985961914
"1470","14","J13","Mixed",7,2.33041646093231,0.803001403808601
"1471","14","J13","Mixed",9,2.51952270016699,0.926002502441399
"1472","14","J13","Mixed",12,2.36374438390079,0.451002502441398
"1473","14","J13","Mixed",13,2.79786052098653,0.551002502441399
"1474","14","J13","Mixed",14,1.22742036655695,0.4640014648438
"1475","14","J13","Mixed",15,1.85687126917003,-0.0940017700195028
"1476","14","J13","Mixed",16,0.709694277025124,-0.0910018920897997
"1477","14","J13","Mixed",19,0.669672921032387,1.79599609375
"1478","14","J13","Mixed",20,0.754324044057049,1.618000793457
"1479","14","J13","Mixed",21,1.48732814131461,10.6640029907227
"1480","14","J13","Mixed",22,2.30651364266796,-20.4020004272461
"1481","14","J13","Mixed",23,1.09683187392534,2.1439987182617
"1482","14","J13","Mixed",24,1.90025391440953,2.013996887207
"1483","14","J13","Mixed",25,2.21949298435464,2.4260025024414
"1484","14","J13","Mixed",26,2.8084791260737,1.9030014038086
"1485","14","J13","Mixed",28,1.49855552806256,3.8929962158203
"1486","14","J13","Mixed",29,3.1544591134699,0.126002502441402
"1487","14","J13","Mixed",30,2.98168564746325,2.5929962158203
"1488","14","J13","Mixed",31,4.44646644755525,2.2979965209961
"1489","14","J13","Mixed",32,4.7071069734237,3.2929962158203
"1490","14","J13","Mixed",33,3.06880188346832,7.2510025024414
"1491","14","J13","Mixed",35,1.38301986390315,0.1189987182617
"1492","14","J13","Mixed",36,2.53914146663302,1.5510025024414
"1493","14","J13","Mixed",37,0.757459569871579,-1.6360015869141
"1494","14","J13","Mixed",39,0.634502423375871,0.3659973144531
"1495","14","J13","Mixed",40,1.57558472379729,21.3030014038086
"1496","14","J13","Mixed",41,4.49108429159374,25.8929962158203
"1497","14","J13","Mixed",42,0.53356597085037,21.5510025024414
"1498","14","J13","Mixed",43,2.55330900398595,25.6659973144531
"1499","14","J13","Mixed",44,2.32357020159726,26.7659973144531
"1500","14","J13","Mixed",45,4.86536960365097,26.9640029907227
"1501","14","J13","Mixed",46,2.19597460079935,24.7030014038086
"1502","14","J13","Mixed",47,3.30119300410331,27.4929962158203
"1503","14","J13","Mixed",48,1.70069814409922,24.8979965209961
"1504","14","J13","Mixed",49,1.57419101251374,22.4059982299805
"1505","14","J13","Mixed",50,1.1080559604442,25.4529937744141
"1506","14","J15","Mixed",1,2.71710017992585,9.6110000610352
"1507","14","J15","Mixed",3,2.5389821957003,2.6290023803711
"1508","14","J15","Mixed",4,1.87406071589319,38.8799987792969
"1509","14","J15","Mixed",5,0.719020630323475,40.929997253418
"1510","14","J15","Mixed",7,1.13472845265834,2.9790054321289
"1511","14","J15","Mixed",9,4.32192205591272,36.552001953125
"1512","14","J15","Mixed",10,4.90917703360538,3.629997253418
"1513","14","J15","Mixed",19,4.27659135535534,3.3500045776367
"1514","14","J15","Mixed",20,0.912111193379793,-1.1499954223633
"1515","14","J15","Mixed",22,1.7997816668573,6.3800018310547
"1516","14","J15","Mixed",27,5.32676112143926,18.629997253418
"1517","14","J15","Mixed",32,2.22348403946507,1.029997253418
"1518","14","J15","Mixed",34,5.7345444457293,38.929997253418
"1519","14","J15","Mixed",36,2.72307723483287,10.6110000610352
"1520","14","J15","Mixed",37,4.70990243653729,36.0110000610352
"1521","14","J15","Mixed",38,5.66556372698707,-0.388999938964801
"1522","14","J15","Mixed",46,1.95902860847193,0.0290023803711037
"1523","14","J15","Mixed",47,3.81702722140782,19.2799987792969
"1524","14","J15","Mixed",60,4.67705578400751,5.129997253418
"1525","14","J15","Mixed",62,4.65736909742733,37.4500045776367
"1526","14","J15","Mixed",67,4.10003718839387,5.8479965209961
"1527","14","J15","Mixed",71,5.53507589205083,0.850004577636696
"1528","14","J15","Mixed",72,4.03956617140489,7.8500045776367
"1529","14","J15","Mixed",73,3.41050298006792,12.1500045776367
"1530","14","J15","Mixed",74,2.27705950734356,11.3800018310547
"1531","14","J15","Mixed",76,5.89896599707737,8.5800018310547
"1532","14","J15","Mixed",78,7.54288638255797,38.229997253418
"1533","14","J15","Mixed",82,6.44165820066768,NA
"1534","14","K10","Mixed",1,1.61290464222744,23.8350006103516
"1535","14","K10","Mixed",2,1.34284825035575,-2.5120010375977
"1536","14","K10","Mixed",3,1.21525579632972,3.4879989624023
"1537","14","K10","Mixed",5,1.66198100283892,-9.5270004272461
"1538","14","K10","Mixed",6,3.59408745328015,-3.338005065918
"1539","14","K10","Mixed",8,4.33733541603777,NA
"1540","14","K10","Mixed",11,4.64670160560373,2.6259994506836
"1541","14","K10","Mixed",12,1.12383428939132,5.4249954223633
"1542","14","K10","Mixed",13,2.68319678740249,-3.556999206543
"1543","14","K10","Mixed",14,1.67266733842128,1.9010009765625
"1544","14","K10","Mixed",15,2.52033882176062,-3.2300033569336
"1545","14","K10","Mixed",16,1.5798725958033,-6.2150039672852
"1546","14","K10","Mixed",17,0.974992949626132,4.2350006103516
"1547","14","K10","Mixed",18,1.13417564394506,2.4879989624023
"1548","14","K10","Mixed",19,1.62000048997367,-4.6879959106445
"1549","14","K10","Mixed",20,1.83895897838318,NA
"1550","14","K10","Mixed",21,4.00939719014582,3.9389953613281
"1551","14","K10","Mixed",22,1.99777478403633,-3.338005065918
"1552","14","K10","Mixed",23,1.11586758946357,-1.338005065918
"1553","14","K10","Mixed",25,0.915593793129685,5.0800018310547
"1554","14","K10","Mixed",26,3.11601890456145,4.2679977416992
"1555","14","K10","Mixed",27,4.37038167397331,26.0169982910156
"1556","14","K10","Mixed",30,6.52725358987146,3.5169982910156
"1557","14","K10","Mixed",32,3.49884841839506,-0.575004577636701
"1558","14","K10","Mixed",33,1.2690220191155,-4.1480026245117
"1559","14","K10","Mixed",34,0.806108742720677,-0.556999206543001
"1560","14","K10","Mixed",35,2.81068072027446,23.036003112793
"1561","14","K10","Mixed",36,1.61135694284741,0.156997680664102
"1562","14","K10","Mixed",37,0.759406913774117,5.6699981689453
"1563","14","K10","Mixed",38,2.9243796723432,3.661994934082
"1564","14","K10","Mixed",39,3.49045421137507,-0.0610046386718999
"1565","14","K10","Mixed",40,2.13014806020988,1.3120040893555
"1566","14","K10","Mixed",41,3.01272151072326,12.2679977416992
"1567","14","K10","Mixed",42,4.47924100216748,4.5169982910156
"1568","14","K10","Mixed",43,4.39371721126919,5.5169982910156
"1569","14","K10","Mixed",44,2.12756786025841,4.1569976806641
"1570","14","K10","Mixed",46,2.96215093144696,10.536003112793
"1571","14","K10","Mixed",47,3.10502629385177,4.536003112793
"1572","14","K10","Mixed",48,1.27185271353165,17.536003112793
"1573","14","K10","Mixed",49,1.27211991872197,9.536003112793
"1574","14","K10","Mixed",50,0.610745340595873,11.536003112793
"1575","14","K10","Mixed",51,1.98980961217905,18.1569976806641
"1576","14","K10","Mixed",52,1.2151928068584,11.1569976806641
"1577","14","K10","Mixed",54,3.35011493423637,22.536003112793
"1578","14","K10","Mixed",55,0.437726393445479,3.2009963989258
"1579","14","K10","Mixed",56,2.18817486620098,14.2009963989258
"1580","14","K10","Mixed",57,0.783703377280527,5.2009963989258
"1581","14","K10","Mixed",58,0.280505932379664,4.2009963989258
"1582","14","K10","Mixed",59,1.5499698069457,9.2009963989258
"1583","14","K10","Mixed",60,3.08136555140909,13.9010009765625
"1584","14","K10","Mixed",61,2.29845492335602,8.9010009765625
"1585","14","K10","Mixed",62,1.76311080789034,14.9010009765625
"1586","14","K10","Mixed",63,0.638248759704784,9.9010009765625
"1587","14","K10","Mixed",64,1.74407657635798,14.9010009765625
"1588","14","K10","Mixed",65,1.84899314970115,7.7699966430664
"1589","14","K10","Mixed",66,1.21115164502522,9.7699966430664
"1590","14","K10","Mixed",67,0.706358097416534,-1.2150039672852
"1591","14","K10","Mixed",68,0.941821606644254,4.7849960327148
"1592","14","K10","Mixed",69,1.51109972166481,6.7849960327148
"1593","14","K10","Mixed",70,0.391998840259541,16.4879989624023
"1594","14","K10","Mixed",71,2.27316254757328,15.4879989624023
"1595","14","K10","Mixed",72,1.24405755809865,14.4879989624023
"1596","14","K10","Mixed",73,3.04932589816433,17.4879989624023
"1597","14","K10","Mixed",74,2.06434410990798,9.693000793457
"1598","14","K10","Mixed",76,2.00782458202791,5.4729995727539
"1599","14","K10","Mixed",78,1.02732878098869,5.4729995727539
"1600","14","K10","Mixed",79,0.650990369666856,5.4729995727539
"1601","14","K10","Mixed",80,2.42098460065035,14.9389953613281
"1602","14","K10","Mixed",81,1.42734288544739,9.693000793457
"1603","14","K10","Mixed",82,2.01640351834757,8.693000793457
"1604","14","K10","Mixed",83,3.14435128441745,2.9389953613281
"1605","14","K10","Mixed",84,2.24937506244477,10.661994934082
"1606","14","K10","Mixed",85,2.26722729411812,12.661994934082
"1607","14","K10","Mixed",86,2.78113783370432,19.9389953613281
"1608","14","K10","Mixed",87,4.52063639953967,15.0800018310547
"1609","14","K10","Mixed",88,0.705949851342699,11.661994934082
"1610","14","K10","Mixed",89,1.55898501817842,19.0800018310547
"1611","14","K10","Mixed",90,3.53292739597729,21.2679977416992
"1612","14","K10","Mixed",91,2.84225416394831,20.5169982910156
"1613","14","K10","Mixed",92,3.37785770421175,-2.4830017089844
"1614","14","K10","Mixed",93,2.08217145904039,19.2679977416992
"1615","14","K10","Mixed",94,4.13994302457279,16.2679977416992
"1616","14","K10","Mixed",95,4.37849152487195,21.5169982910156
"1617","14","K10","Mixed",96,3.31178590005218,18.5169982910156
"1618","14","K10","Mixed",97,5.87169971367433,2.2679977416992
"1619","14","K10","Mixed",98,6.7454854406228,20.5169982910156
"1620","14","K10","Mixed",99,0.700181976034862,13.3120040893555
"1621","14","K10","Mixed",100,1.01430163724661,18.4249954223633
"1622","14","K10","Mixed",101,0.475283213575594,15.4249954223633
"1623","14","K10","Mixed",102,2.86937476484932,18.536003112793
"1624","14","K10","Mixed",103,1.09309074368241,21.1569976806641
"1625","14","K10","Mixed",104,1.22537751259223,16.1569976806641
"1626","14","K10","Mixed",105,1.56165705052306,21.4249954223633
"1627","14","K10","Mixed",106,6.69348107661086,20.5169982910156
"1628","14","K11","Mixed",1,0.70360490216338,-0.666999816894499
"1629","14","K11","Mixed",2,2.34611824255173,-3.3059997558594
"1630","14","K11","Mixed",3,3.87686828916101,12.0340042114258
"1631","14","K11","Mixed",4,0.487890429362048,13.0340042114258
"1632","14","K11","Mixed",6,1.88234753953822,-5.0820007324219
"1633","14","K11","Mixed",7,3.98769469745147,-2.7959976196289
"1634","14","K11","Mixed",8,2.12873517121792,11.2360046386719
"1635","14","K11","Mixed",9,1.4422864929203,-5.3950042724609
"1636","14","K11","Mixed",10,1.91517449660531,0.0820007324218999
"1637","14","K11","Mixed",11,2.1479625096824,-2.859001159668
"1638","14","K11","Mixed",12,1.22714292327432,25.872998046875
"1639","14","K11","Mixed",13,0.276717597797222,7.0820007324219
"1640","14","K11","Mixed",14,3.81007634381077,5.0820007324219
"1641","14","K11","Mixed",15,0.905632022734617,-10.0749969482422
"1642","14","K11","Mixed",16,1.14229504753611,-2.1460037231445
"1643","14","K11","Mixed",17,3.84867114995304,-10.0749969482422
"1644","14","K11","Mixed",18,4.19478620199676,3.8829956054688
"1645","14","K11","Mixed",19,2.22834015665264,2.4400024414062
"1646","14","K11","Mixed",20,0.767918504277549,0.554000854492202
"1647","14","K11","Mixed",21,2.14247544185189,4.2809982299805
"1648","14","K11","Mixed",22,1.30830532129203,-6.3059997558594
"1649","14","K11","Mixed",23,2.00353967593884,4.2809982299805
"1650","14","K11","Mixed",24,1.01443877902146,3.2040023803711
"1651","14","K11","Mixed",25,1.64538887781302,5.213996887207
"1652","14","K11","Mixed",26,3.87271014954057,4.213996887207
"1653","14","K11","Mixed",27,2.24902045775252,-3.5180053710938
"1654","14","K11","Mixed",28,2.00263046588202,2.177001953125
"1655","14","K11","Mixed",29,1.99931381836986,-4.3950042724609
"1656","14","K11","Mixed",30,0.598964753696238,7.1100006103516
"1657","14","K11","Mixed",31,2.90403166470819,6.0820007324219
"1658","14","K11","Mixed",32,2.80967065626493,21.072998046875
"1659","14","K11","Mixed",33,0.160736328424846,-8.0749969482422
"1660","14","K11","Mixed",34,4.4721581038581,20.1040023803711
"1661","14","K11","Mixed",36,1.28564498039946,10.9179992675781
"1662","14","K11","Mixed",37,1.41020447399163,11.2639999389648
"1663","14","K11","Mixed",32,2.96208281813345,12.2040023803711
"1664","14","K11","Mixed",33,3.72449091576894,4.2669982910156
"1665","14","K11","Mixed",34,4.26810421031333,12.2669982910156
"1666","14","K11","Mixed",35,1.29471736714087,-3.5639953613281
"1667","14","K11","Mixed",36,1.23608634896054,16.6179962158203
"1668","14","K11","Mixed",37,2.06400677636645,20.6179962158203
"1669","14","K11","Mixed",38,4.45543531998099,18.5709991455078
"1670","14","K11","Mixed",39,4.58560076287259,8.4400024414062
"1671","14","K11","Mixed",40,1.42082595228241,11.7170028686523
"1672","14","K11","Mixed",41,1.46666912633707,6.2809982299805
"1673","14","K11","Mixed",42,1.23808650629017,14.3330001831055
"1674","14","K11","Mixed",43,1.52728734412293,12.3330001831055
"1675","14","K11","Mixed",44,3.35721553151117,3.9179992675781
"1676","14","K11","Mixed",45,2.51032049747589,10.2040023803711
"1677","14","K11","Mixed",46,1.44318578230224,13.2669982910156
"1678","14","K11","Mixed",47,3.39381849738285,21.2669982910156
"1679","14","K11","Mixed",48,0.787266627546874,14.213996887207
"1680","14","K11","Mixed",49,1.08227029896898,-2.5639953613281
"1681","14","K11","Mixed",50,0.59875786072232,5.0820007324219
"1682","14","K11","Mixed",51,3.59189490379492,17.072998046875
"1683","14","K11","Mixed",52,3.58439080471588,1.9250030517578
"1684","14","K14","Mixed",1,3.54790794076418,-0.127999877929703
"1685","14","K14","Mixed",4,4.25138690971856,-4.5279998779297
"1686","14","K14","Mixed",6,3.14481366698246,10.0179977416992
"1687","14","K14","Mixed",7,2.38148126172673,0.121998596191396
"1688","14","K14","Mixed",10,0.886483502378557,0.321998596191399
"1689","14","K14","Mixed",13,3.81646856568217,2.9179977416992
"1690","14","K14","Mixed",18,1.07595208013528,3.6899993896484
"1691","14","K14","Mixed",21,4.22320449204616,16.6899993896484
"1692","14","K14","Mixed",23,1.66951481131847,12.4090042114258
"1693","14","K14","Mixed",24,4.95363341280122,10.9090042114258
"1694","14","K14","Mixed",26,0.378470408462153,11.7249969482422
"1695","14","K14","Mixed",27,2.40458058124124,13.5249969482422
"1696","14","K14","Mixed",38,5.52491576357704,4.1309967041016
"1697","14","K14","Mixed",39,2.68854114234893,15.9309967041016
"1698","14","K14","Mixed",40,2.92794219199484,14.2309967041016
"1699","14","K14","Mixed",46,3.01427334349075,2.1929992675781
"1700","14","K14","Mixed",49,1.64816655711365,2.14800567626951
"1701","14","K14","Mixed",50,3.04141408771777,10.2720001220703
"1702","14","K14","Mixed",53,1.6513223073794,1.6720001220703
"1703","14","K14","Mixed",54,4.491387747316,3.0720001220703
"1704","14","K14","Mixed",56,3.98493385558216,NA
"1705","14","K14","Mixed",61,2.79823742183087,2.8219985961914
"1706","14","K14","Mixed",62,2.36675025046112,0.121998596191396
"1707","14","K14","Mixed",64,2.66792750107098,13.4179977416992
"1708","14","K14","Mixed",65,2.42860416734668,16.0179977416992
"1709","14","K14","Mixed",68,2.42222218057407,19.0899993896484
"1710","14","K14","Mixed",69,1.0548236819618,-0.310000610351601
"1711","14","K14","Mixed",70,2.66168629870291,0.7090042114258
"1712","14","K14","Mixed",76,4.74093457238825,12.9090042114258
"1713","14","K14","Mixed",79,3.47318285285156,4.5249969482422
"1714","14","K14","Mixed",80,8.03751093115814,1.1249969482422
"1715","14","K14","Mixed",82,2.10394085301238,3.5249969482422
"1716","14","K14","Mixed",85,7.21098135391872,16.6929992675781
"1717","14","K16","Mixed",1,4.1829685317216,17.9479995727539
"1718","14","K16","Mixed",2,4.04097476138843,22.0810028076172
"1719","14","K16","Mixed",4,5.95710304927483,7.8519973754883
"1720","14","K16","Mixed",5,2.81110851146113,12.0349960327148
"1721","14","K16","Mixed",6,4.81531620659643,18.2019973754883
"1722","14","K16","Mixed",7,1.96282299609031,17.2519973754883
"1723","14","K16","Mixed",12,3.91396852529566,14.9019973754883
"1724","14","K16","Mixed",17,4.09632823393032,1.3559951782227
"1725","14","K16","Mixed",18,3.47145631728694,6.2479995727539
"1726","14","K16","Mixed",21,3.08408862455925,26.9560043334961
"1727","14","K16","Mixed",23,7.09054487026646,6.8500045776367
"1728","14","K16","Mixed",24,6.40897783809221,11.6479995727539
"1729","14","K16","Mixed",26,2.02846388432633,3.6500045776367
"1730","14","K16","Mixed",28,1.79030474531196,8.7629943847656
"1731","14","K16","Mixed",33,4.7029995944097,10.9349960327148
"1732","14","K16","Mixed",38,3.8101821302961,21.9349960327148
"1733","14","K16","Mixed",39,5.06696690558185,3.05199737548831
"1734","14","K16","Mixed",40,4.37224407566508,22.4519973754883
"1735","14","K16","Mixed",43,1.51454419082678,25.5019973754883
"1736","14","K16","Mixed",44,2.44014246024686,14.6519973754883
"1737","14","K16","Mixed",46,3.1961854996486,17.0519973754883
"1738","14","K16","Mixed",47,1.76874996183933,5.1559951782227
"1739","14","K16","Mixed",50,2.94657199149734,-0.243995666503899
"1740","14","K16","Mixed",52,3.48145848628971,9.8479995727539
"1741","14","K16","Mixed",55,2.96165065462527,7.9500045776367
"1742","14","K16","Mixed",56,4.02794059109779,8.46299438476559
"1743","14","K16","Mixed",57,1.03313524841047,NA
"1744","14","K18","Mixed",1,2.52022413979459,2.3830032348633
"1745","14","K18","Mixed",1,3.10010350047752,-1.1019973754883
"1746","14","K18","Mixed",3,1.95438320673255,6.3830032348633
"1747","14","K18","Mixed",4,4.11995901797417,1.8360061645508
"1748","14","K18","Mixed",5,1.54871249082421,6.8360061645508
"1749","14","K18","Mixed",6,0.08258989377837,2.3570022583008
"1750","14","K18","Mixed",7,3.37997835047031,8.2099990844727
"1751","14","K18","Mixed",8,2.17242740081148,NA
"1752","14","K18","Mixed",9,3.39586084026489,7.0279998779297
"1753","14","K18","Mixed",10,3.50497303839278,-2.1639938354492
"1754","14","K18","Mixed",13,1.14495893619461,-2.556999206543
"1755","14","K18","Mixed",14,0.359957871738186,0.294998168945298
"1756","14","K18","Mixed",15,2.09079575544041,4.7269973754883
"1757","14","K18","Mixed",16,2.15263217087614,6.1570053100586
"1758","14","K18","Mixed",17,1.57148400403654,0.157005310058601
"1759","14","K18","Mixed",18,3.30693513154483,-2.8429946899414
"1760","14","K18","Mixed",19,2.57444502056682,7.2050018310547
"1761","14","K18","Mixed",20,1.64165217768148,1.2050018310547
"1762","14","K18","Mixed",23,2.36104410350168,6.0380020141602
"1763","14","K18","Mixed",25,1.705531002336,NA
"1764","14","K18","Mixed",28,1.89274210128461,8.2200012207031
"1765","14","K18","Mixed",29,1.09224423828171,-9.1019973754883
"1766","14","K18","Mixed",30,1.78125811190417,10.5360061645508
"1767","14","K18","Mixed",31,2.82187410282942,2.8360061645508
"1768","14","K18","Mixed",32,0.796263775385297,-4.1639938354492
"1769","14","K18","Mixed",34,3.01997671199689,3.7239990234375
"1770","14","K18","Mixed",81,2.13405636020018,12.3570022583008
"1771","14","K18","Mixed",35,2.0340839859581,NA
"1772","14","K18","Mixed",37,1.58077802196345,5.3570022583008
"1773","14","K18","Mixed",38,1.78061550851599,9.9759979248047
"1774","14","K18","Mixed",39,1.73873395512213,1.2099990844727
"1775","14","K18","Mixed",40,4.07335540326904,15.0279998779297
"1776","14","K18","Mixed",41,2.77174755506365,2.2099990844727
"1777","14","K18","Mixed",42,1.42402676551562,6.0279998779297
"1778","14","K18","Mixed",43,1.69286937019394,8.5050048828125
"1779","14","K18","Mixed",44,2.16599530884706,4.0279998779297
"1780","14","K18","Mixed",45,1.61870436028645,1.5019989013672
"1781","14","K18","Mixed",46,1.43445152856272,2.2949981689453
"1782","14","K18","Mixed",47,3.00668868317332,2.5509948730469
"1783","14","K18","Mixed",49,1.25969678891604,25.0489974975586
"1784","14","K18","Mixed",50,2.69747240591466,1.1570053100586
"1785","14","K18","Mixed",51,1.50410601065717,3.1570053100586
"1786","14","K18","Mixed",53,4.10259737447291,1.2050018310547
"1787","14","K18","Mixed",55,1.55721331954675,18.3830032348633
"1788","14","K18","Mixed",56,2.25354369558009,17.3830032348633
"1789","14","K18","Mixed",57,3.06961673497794,12.0279998779297
"1790","14","K18","Mixed",58,1.53449630890965,18.2099990844727
"1791","14","K18","Mixed",59,0.780852395752024,15.0279998779297
"1792","14","K18","Mixed",60,0.95667164112991,15.5050048828125
"1793","14","K18","Mixed",61,1.63578607193408,13.8980026245117
"1794","14","K18","Mixed",62,1.43277410172504,18.4489974975586
"1795","14","K18","Mixed",63,0.944146083789469,14.4489974975586
"1796","14","K18","Mixed",64,1.4398971715698,16.1570053100586
"1797","14","K18","Mixed",65,0.257664718052157,18.0380020141602
"1798","14","K18","Mixed",66,2.51425683175169,17.0380020141602
"1799","14","K18","Mixed",67,2.45773457826701,9.5070037841797
"1800","14","K18","Mixed",68,0.617086612409875,9.75
"1801","14","K18","Mixed",69,1.83543891207354,14.2110061645508
"1802","14","K18","Mixed",70,1.1788379652485,12.2110061645508
"1803","14","K18","Mixed",71,0.433009391193314,23.7200012207031
"1804","14","K18","Mixed",72,1.2174919798481,13.3830032348633
"1805","14","K18","Mixed",73,0.630572548967398,13.3830032348633
"1806","14","K18","Mixed",74,0.807879429814012,5.8980026245117
"1807","14","K18","Mixed",75,2.36387655199671,12.8360061645508
"1808","14","K18","Mixed",76,3.89748114434503,13.3830032348633
"1809","14","K18","Mixed",77,3.37712913201917,NA
"1810","14","K18","Mixed",78,0.364350320681195,19.3570022583008
"1811","14","K18","Mixed",79,1.762589875439,18.7269973754883
"1812","14","K18","Mixed",80,1.71060109286975,18.4489974975586
"1813","14","L17","Mixed",4,7.64507400635269,4.5079986572266
"1814","14","L17","Mixed",5,6.99062071635334,37.2469985961914
"1815","14","L17","Mixed",6,2.88349542836834,1.2079986572266
"1816","14","L17","Mixed",10,2.90779055755029,38.4600006103516
"1817","14","L17","Mixed",11,5.18172281249471,NA
"1818","14","L17","Mixed",13,1.06522064796214,3.1750061035156
"1819","14","L17","Mixed",14,4.51926099499552,-0.224993896484406
"1820","14","L17","Mixed",15,6.47627951757825,4.4440048217773
"1821","14","L17","Mixed",18,4.3680833529633,5.3079986572266
"1822","14","L17","Mixed",20,2.65348811073153,3.5479949951172
"1823","14","L17","Mixed",24,5.53010618039944,2.1479949951172
"1824","14","L17","Mixed",25,3.06028531231699,2.0479949951172
"1825","14","L17","Mixed",33,4.27657607432195,8.4990020751953
"1826","14","L17","Mixed",35,4.46554333224379,14.5990020751953
"1827","14","L17","Mixed",36,3.93974339263513,4.7990020751953
"1828","14","L17","Mixed",37,8.3269077105507,17.1990020751953
"1829","14","L17","Mixed",38,10.4094161854657,3.8079986572266
"1830","14","L17","Mixed",39,7.21619822274293,14.1079986572266
"1831","14","L17","Mixed",42,3.64546469325783,1.8079986572266
"1832","14","L17","Mixed",49,3.13923112698064,4.8600006103516
"1833","14","L17","Mixed",50,0.082920898071809,2.1600006103516
"1834","14","L17","Mixed",52,3.76285717866777,1.1750061035156
"1835","14","L17","Mixed",55,3.17529538240114,2.4750061035156
"1836","14","L17","Mixed",56,2.03590767266923,22.5079986572266
"1837","14","L17","Mixed",60,5.82234549469659,6.7750061035156
"1838","14","L17","Mixed",62,7.45271382556672,11.5750061035156
"1839","14","L17","Mixed",63,3.40169566746992,2.2440048217773
"1840","14","L17","Mixed",64,3.0070489268097,2.1440048217773
"1841","14","L17","Mixed",65,1.84299557847469,4.5479949951172
"1842","14","L17","Mixed",70,3.42897935931199,3.6479949951172
"1843","14","M13","Mixed",1,0.815978150222642,0.138995361328099
"1844","14","M13","Mixed",2,2.44763806476964,0.0389953613281016
"1845","14","M13","Mixed",3,2.27941469831898,14.9389953613281
"1846","14","M13","Mixed",4,1.49186381591138,0.367001342773399
"1847","14","M13","Mixed",5,1.04888032206483,0.4010009765625
"1848","14","M13","Mixed",6,2.93312990465911,1.2089981079102
"1849","14","M13","Mixed",8,2.00620782620587,0.441001892089801
"1850","14","M13","Mixed",9,3.13192393986162,-1.0950042724609
"1851","14","M13","Mixed",10,1.93582975481972,-0.895004272460898
"1852","14","M13","Mixed",11,2.63106188338951,-4.0879974365234
"1853","14","M13","Mixed",12,2.29991251491665,-4.3149978637695
"1854","14","M13","Mixed",13,2.88685241217181,-5.2779998779297
"1855","14","M13","Mixed",14,0.91675108462823,-1.0470001220703
"1856","14","M13","Mixed",15,3.18413866488263,1.0580001831055
"1857","14","M13","Mixed",16,0.357327716550763,4.2469985961914
"1858","14","M13","Mixed",17,2.93266873278368,1.1990036010742
"1859","14","M13","Mixed",18,1.041376050186,-0.3009963989258
"1860","14","M13","Mixed",19,1.89740480655119,-0.8979995727539
"1861","14","M13","Mixed",20,3.55662177864346,-1.4479995727539
"1862","14","M13","Mixed",21,1.41383398510578,1.9440032958984
"1863","14","M13","Mixed",22,1.30142830099761,7.7440032958984
"1864","14","M13","Mixed",24,1.24480661642797,NA
"1865","14","M13","Mixed",26,2.65579191484373,16.5410018920898
"1866","14","M13","Mixed",27,1.86897172891332,0.941001892089801
"1867","14","M13","Mixed",28,1.77876501509127,NA
"1868","14","M13","Mixed",29,4.69494039617701,3.6089981079102
"1869","14","M13","Mixed",30,2.17092787706167,0.604995727539102
"1870","14","M13","Mixed",31,4.65535764628576,0.404995727539102
"1871","14","M13","Mixed",32,2.66088166485015,7.7220001220703
"1872","14","M13","Mixed",33,4.19047134826816,3.6220001220703
"1873","14","M13","Mixed",34,2.21284594397111,-8.8779998779297
"1874","14","M13","Mixed",35,0.458478556319124,0.8120025634766
"1875","14","M13","Mixed",36,1.50002450900438,18.8670013427734
"1876","14","M13","Mixed",37,3.56109803899454,12.8220001220703
"1877","14","M13","Mixed",38,1.95173272999912,21.7990036010742
"1878","14","M13","Mixed",39,3.10586510712945,17.4389953613281
"1879","14","M13","Mixed",40,0.749635271571668,18.343000793457
"1880","46","B12","Deciduous",1,2.97281011620398,NA
"1881","46","B12","Deciduous",3,2.9037282591151,-0.819999694824201
"1882","46","B12","Deciduous",8,1.92449740574829,NA
"1883","46","B12","Deciduous",9,0.789703802057667,13.3810005187988
"1884","46","B12","Deciduous",10,1.89945394381065,NA
"1885","46","B12","Deciduous",11,4.461581870301,NA
"1886","46","B12","Deciduous",12,3.77246351781484,NA
"1887","46","B12","Deciduous",14,1.23088185212123,-2.5299987792969
"1888","46","B12","Deciduous",16,2.04606598133621,-1.9670009613037
"1889","46","B12","Deciduous",17,3.44483683884652,-3.9210014343262
"1890","46","B12","Deciduous",18,2.50270952768119,7.0789985656738
"1891","46","B12","Deciduous",19,1.51212555221921,NA
"1892","46","B12","Deciduous",20,2.18006066662789,1.2890014648438
"1893","46","B12","Deciduous",21,1.0159886901591,NA
"1894","46","B12","Deciduous",22,0.633953096860348,0.337999343872099
"1895","46","B12","Deciduous",23,3.03013225917325,-2.9179992675781
"1896","46","B12","Deciduous",24,1.35575505278054,NA
"1897","46","B12","Deciduous",25,0.622680853639242,0.225000381469702
"1898","46","B12","Deciduous",28,1.77896155055131,-2.9519996643066
"1899","46","B12","Deciduous",29,0.964199600773326,-0.149000167846701
"1900","46","B12","Deciduous",31,2.5958319602184,0.8159999847412
"1901","46","B12","Deciduous",32,2.39860478224537,1.8509998321533
"1902","46","B12","Deciduous",33,0.696657215656127,NA
"1903","46","B12","Deciduous",34,0.601905397767357,1.117000579834
"1904","46","B12","Deciduous",37,2.56255049462418,NA
"1905","46","B12","Deciduous",38,4.5099977421472,2.117000579834
"1906","46","B12","Deciduous",39,1.12380587003904,15.431999206543
"1907","46","B12","Deciduous",40,1.06563877554624,-0.428001403808601
"1908","46","B12","Deciduous",41,1.75380422313465,-1.568000793457
"1909","46","B12","Deciduous",42,2.08375736570911,NA
"1910","46","B12","Deciduous",43,1.83686518637959,3.2170009613037
"1911","46","B12","Deciduous",47,2.27335598163712,NA
"1912","46","B12","Deciduous",49,3.21863355904539,3.0329990386963
"1913","46","B12","Deciduous",51,1.35499039506027,1.0789985656738
"1914","46","B12","Deciduous",52,2.68469634407178,-1.9210014343262
"1915","46","B12","Deciduous",55,3.06939264060907,-2.7900009155273
"1916","46","B12","Deciduous",56,3.26856674975679,-0.5060005187988
"1917","46","B12","Deciduous",58,2.20150228384292,-0.790000915527301
"1918","46","B12","Deciduous",59,1.67245287072783,-0.662000656127901
"1919","46","B12","Deciduous",61,2.40848331632592,3.1820011138916
"1920","46","B12","Deciduous",62,1.49387743265665,NA
"1921","46","B12","Deciduous",63,1.90271917167124,10.6079978942871
"1922","46","B12","Deciduous",64,2.79739800196954,9.3810005187988
"1923","46","B12","Deciduous",65,3.06163356602941,11.0540008544922
"1924","46","B12","Deciduous",66,0.692723547153145,10.0599994659424
"1925","46","B12","Deciduous",67,0.366428715731125,9.0789985656738
"1926","46","B12","Deciduous",69,0.220534417251576,11.5719985961914
"1927","46","B12","Deciduous",70,0.983481406267827,10.0329990386963
"1928","46","B12","Deciduous",71,3.38565539373373,10.0789985656738
"1929","46","B12","Deciduous",72,0.847516010021608,9.2890014648438
"1930","46","B12","Deciduous",73,0.49701097566991,6.2890014648438
"1931","46","B12","Deciduous",74,1.61014495206472,10.1820011138916
"1932","46","B12","Deciduous",75,0.841128050493253,11.2610015869141
"1933","46","C11","Deciduous",1,0.52295514276755,NA
"1934","46","C11","Deciduous",5,0.714572185513674,0.0349998474120987
"1935","46","C11","Deciduous",6,1.16996743715383,NA
"1936","46","C11","Deciduous",9,0.492179227734467,NA
"1937","46","C11","Deciduous",10,0.686972355590288,-0.909999847412099
"1938","46","C11","Deciduous",11,1.04403283209768,-133.750999450684
"1939","46","C11","Deciduous",12,1.80593487990452,0.2399997711182
"1940","46","C11","Deciduous",13,0.581287332668041,11.9689998626709
"1941","46","C11","Deciduous",14,0.972743328342514,2.3930015563965
"1942","46","C11","Deciduous",15,1.77839555628097,-1.4139995574951
"1943","46","C11","Deciduous",16,1.92572007848986,NA
"1944","46","C11","Deciduous",17,0.918016829980071,0.234001159668001
"1945","46","C11","Deciduous",18,0.970929999471234,-146.75899887085
"1946","46","C11","Deciduous",23,1.84957427530816,NA
"1947","46","C11","Deciduous",24,1.48717833443254,15.8629989624023
"1948","46","C11","Deciduous",25,1.83141834949352,-0.137001037597699
"1949","46","C11","Deciduous",26,1.44696580810722,NA
"1950","46","C11","Deciduous",28,0.476612509479364,-0.57499980926514
"1951","46","C11","Deciduous",29,2.34285144360176,5.4879999160767
"1952","46","C11","Deciduous",30,0.962204603042589,4.4879999160767
"1953","46","C11","Deciduous",31,1.62337929473636,NA
"1954","46","C11","Deciduous",32,2.73291506361023,NA
"1955","46","C11","Deciduous",34,0.550463992657866,8.0349998474121
"1956","46","C11","Deciduous",35,1.14330012560598,NA
"1957","46","C11","Deciduous",36,0.581682572014199,-1.4139995574951
"1958","46","C11","Deciduous",37,2.30069377990946,8.5900001525879
"1959","46","C11","Deciduous",38,1.14121424962655,0.468999862670898
"1960","46","C11","Deciduous",39,0.967611273102097,5.2490005493164
"1961","46","C11","Deciduous",40,0.682571175974713,12.7470016479492
"1962","46","C11","Deciduous",41,0.719847872405324,NA
"1963","46","C11","Deciduous",42,0.900447275697835,0.8649997711182
"1964","46","C11","Deciduous",44,1.06531532008216,4.8649997711182
"1965","46","C11","Deciduous",46,1.66030804106718,3.8629989624023
"1966","46","C11","Deciduous",47,0.996551807464175,0.120998382568398
"1967","46","C11","Deciduous",51,1.3116359964399,11.3830013275146
"1968","46","C11","Deciduous",52,0.215665938257694,0.383001327514599
"1969","46","C11","Deciduous",53,2.31472627209917,NA
"1970","46","C11","Deciduous",54,2.10187160265512,NA
"1971","46","C11","Deciduous",55,0.260497497222332,-8.08300018310547
"1972","46","C11","Deciduous",58,2.55826366682958,NA
"1973","46","C11","Deciduous",59,1.41825712279619,9.706000328064
"1974","46","D06","Deciduous",1,0.82109490341501,11.4980010986328
"1975","46","D06","Deciduous",2,2.3162513583747,7.0429992675781
"1976","46","D06","Deciduous",3,1.45353592644657,16.238000869751
"1977","46","D06","Deciduous",4,2.06303764805927,-0.3090000152588
"1978","46","D06","Deciduous",5,2.81599786932396,-9.8090000152588
"1979","46","D06","Deciduous",6,1.89036750794097,15.5329990386963
"1980","46","D06","Deciduous",7,2.92879789525136,-2.4670009613037
"1981","46","D06","Deciduous",8,2.87131989408825,-9.939998626709
"1982","46","D06","Deciduous",9,5.27034609595307,8.560001373291
"1983","46","D06","Deciduous",10,2.296212244659,13.2099990844727
"1984","46","D06","Deciduous",11,3.54007196245177,NA
"1985","46","D06","Deciduous",12,3.05099951400327,NA
"1986","46","D06","Deciduous",13,4.02212400346098,NA
"1987","46","D06","Deciduous",14,4.95279974886273,14.738000869751
"1988","46","D06","Deciduous",15,3.89131661679057,12.3929996490479
"1989","46","D06","Deciduous",17,2.99414712752873,13.2099990844727
"1990","46","D06","Deciduous",18,5.76329328304368,13.7099990844727
"1991","46","D06","Deciduous",19,2.59986488138177,NA
"1992","46","E06","Deciduous",1,2.98306232871859,14.2430000305176
"1993","46","E06","Deciduous",2,2.51123575938892,17.3570003509521
"1994","46","E06","Deciduous",3,1.21668991444035,-1.6809997558594
"1995","46","E06","Deciduous",4,2.0066094174384,NA
"1996","46","E06","Deciduous",5,2.0066094174384,NA
"1997","46","E06","Deciduous",6,2.08899401107412,NA
"1998","46","E06","Deciduous",7,0.71918029423544,2.3470001220703
"1999","46","E06","Deciduous",9,2.04346390606896,NA
"2000","46","E06","Deciduous",10,1.04051614092948,NA
"2001","46","E06","Deciduous",11,0.356693130580149,10.7290000915527
"2002","46","E06","Deciduous",12,3.48720339533783,0.8190002441406
"2003","46","E06","Deciduous",13,2.48367598697549,-0.837997436523398
"2004","46","E06","Deciduous",14,2.77315707182729,10.2880001068115
"2005","46","E06","Deciduous",15,1.32518072105074,16.8010005950928
"2006","46","E09","Deciduous",1,1.39533301254016,18.1790008544922
"2007","46","E09","Deciduous",2,0.888878561578319,0.379999160766602
"2008","46","E09","Deciduous",3,1.7363381524621,0.896999359130898
"2009","46","E09","Deciduous",4,3.10008568812473,15.0480003356934
"2010","46","E09","Deciduous",5,1.35599323537298,-2.1119995117188
"2011","46","E09","Deciduous",6,1.7778576288827,-3.2309989929199
"2012","46","E09","Deciduous",7,1.53171247045927,2.44600009918213
"2013","46","E09","Deciduous",8,1.55328565773738,-9.4950008392334
"2014","46","E09","Deciduous",9,2.21347975247279,NA
"2015","46","E09","Deciduous",11,1.73008190938231,22.2919998168945
"2016","46","E09","Deciduous",12,0.357057779578971,-3.1119995117188
"2017","46","E09","Deciduous",14,1.22378238374993,-5.2309989929199
"2018","46","E09","Deciduous",15,4.504367303498,7.4340000152588
"2019","46","E13","Deciduous",1,2.7956893571762,0.541999816894499
"2020","46","E13","Deciduous",2,1.57143249068076,0.722000122070298
"2021","46","E13","Deciduous",3,0.575753606133691,0.875999450683601
"2022","46","E13","Deciduous",4,2.31766955633725,6.2220001220703
"2023","46","E13","Deciduous",5,1.62144465634745,0.0989990234375
"2024","46","E13","Deciduous",7,1.02641609491751,-0.1640014648438
"2025","46","E13","Deciduous",8,1.71344768227635,0.531000137329102
"2026","46","E13","Deciduous",9,1.04817608311095,14.0310001373291
"2027","46","E13","Deciduous",11,2.44127562318295,-6.890998840332
"2028","46","E13","Deciduous",12,2.05497688549779,11.0219993591309
"2029","46","E13","Deciduous",13,3.02011087417435,-5.4780006408691
"2030","46","E13","Deciduous",16,1.85506438037539,3.6940002441406
"2031","46","E13","Deciduous",17,2.4866323517592,8.3570003509521
"2032","46","E13","Deciduous",22,1.59192780863631,NA
"2033","46","E13","Deciduous",23,1.33574201540577,11.8409996032715
"2034","46","E13","Deciduous",24,0.164688597351745,10.1539993286133
"2035","46","E13","Deciduous",25,1.48445379304336,NA
"2036","46","E13","Deciduous",26,0.87075489001298,14.5470008850098
"2037","46","E13","Deciduous",27,2.05747373645593,0.375999450683601
"2038","46","E13","Deciduous",28,2.01681693760781,9.3239994049072
"2039","46","E13","Deciduous",29,2.89970798244178,10.3959999084473
"2040","46","E13","Deciduous",31,0.590627719624886,0.222000122070298
"2041","46","E13","Deciduous",33,1.5272884549145,-3.9580001831055
"2042","46","E13","Deciduous",35,1.45266415844018,NA
"2043","46","E13","Deciduous",36,1.66105776935473,4.0190010070801
"2044","46","E13","Deciduous",37,1.24015672643548,-2.1640014648438
"2045","46","E13","Deciduous",38,2.6416439341996,-2.9689998626709
"2046","46","E13","Deciduous",41,2.25516446077441,3.8589992523193
"2047","46","E13","Deciduous",42,2.3490310243002,-2.3979988098145
"2048","46","E13","Deciduous",43,2.95623741257767,-2.3979988098145
"2049","46","E13","Deciduous",46,1.74060763470354,-2.1319999694824
"2050","46","E13","Deciduous",47,0.92365036674542,12.0219993591309
"2051","46","E13","Deciduous",48,1.47699113786218,NA
"2052","46","E13","Deciduous",49,1.31836472961904,6.3549995422363
"2053","46","E13","Deciduous",50,1.25890313432944,1.8549995422363
"2054","46","E13","Deciduous",51,0.857760361415368,NA
"2055","46","E13","Deciduous",52,2.59277599803764,4.0579986572266
"2056","46","E13","Deciduous",54,3.33356838215586,10.5579986572266
"2057","46","E13","Deciduous",56,4.66600530014563,10.0579986572266
"2058","46","E13","Deciduous",57,2.70010096522467,NA
"2059","46","E13","Deciduous",58,2.35399683106142,3.7790012359619
"2060","46","E13","Deciduous",59,2.64357568253585,1.2790012359619
"2061","46","E13","Deciduous",61,3.52608292678581,14.4580001831055
"2062","46","E13","Deciduous",63,2.379385384653,3.1940002441406
"2063","46","E13","Deciduous",64,1.95676407649881,6.3570003509521
"2064","46","E13","Deciduous",65,2.03238735150566,-2.0419998168945
"2065","46","E13","Deciduous",66,2.82618647652157,-4.5419998168945
"2066","46","E13","Deciduous",67,0.394280238697116,6.943000793457
"2067","46","E13","Deciduous",69,2.66135144994709,-2.6590003967285
"2068","46","E13","Deciduous",70,0.60902140247749,9.5820007324219
"2069","46","E13","Deciduous",71,0.991769635125877,10.9750003814697
"2070","46","E13","Deciduous",72,0.290092431499535,12.257999420166
"2071","46","E13","Deciduous",73,1.2644304465055,15.6940002441406
"2072","46","E13","Deciduous",74,1.61324001750658,10.6990013122559
"2073","46","F05","Deciduous",1,1.32726035361648,-2.4489994049072
"2074","46","F05","Deciduous",2,0.71884929082103,13.0510005950928
"2075","46","F05","Deciduous",3,0.851215627409345,-3.2869987487793
"2076","46","F05","Deciduous",5,0.900634291691286,NA
"2077","46","F05","Deciduous",6,1.10216668512472,13.6590003967285
"2078","46","F05","Deciduous",7,3.82102430873216,8.8050003051758
"2079","46","F05","Deciduous",9,3.0077955025471,15.556999206543
"2080","46","F05","Deciduous",10,3.11193425663558,1.056999206543
"2081","46","F05","Deciduous",11,2.81991168444357,15.0510005950928
"2082","46","F05","Deciduous",12,1.18209429756848,3.5510005950928
"2083","46","F05","Deciduous",14,0.813463181352543,3.5460014343262
"2084","46","F05","Deciduous",15,2.46095422163312,9.8530006408691
"2085","46","F05","Deciduous",16,1.17144495875183,14.2820014953613
"2086","46","F05","Deciduous",17,1.66655360544321,13.5799999237061
"2087","46","F05","Deciduous",18,2.18756946885124,-0.420000076293899
"2088","46","F05","Deciduous",19,1.63766606384897,-0.413000106811499
"2089","46","F05","Deciduous",20,1.56266075165078,-3.3920021057129
"2090","46","F05","Deciduous",21,0.535505032406385,0.159000396728501
"2091","46","F05","Deciduous",22,0.615936199918155,1.4729995727539
"2092","46","F05","Deciduous",23,2.5855845775122,-3.6310005187988
"2093","46","F05","Deciduous",24,0.777129004169607,13.5510005950928
"2094","46","F05","Deciduous",25,1.46194882634145,-0.0930004119873011
"2095","46","F05","Deciduous",26,0.448106405711613,-2.6419982910156
"2096","46","F05","Deciduous",27,0.87739717518078,2.8050003051758
"2097","46","F05","Deciduous",28,5.1107219750881,16.1259994506836
"2098","46","F05","Deciduous",29,2.20463281318651,-0.584999084472699
"2099","46","F05","Deciduous",30,4.29199809950003,3.056999206543
"2100","46","F05","Deciduous",31,3.61043132092692,4.0240001678467
"2101","46","F05","Deciduous",32,1.66423971039785,1.8589992523193
"2102","46","F05","Deciduous",33,1.02258722263516,4.8530006408691
"2103","46","F05","Deciduous",34,1.23236735106749,0.177001953125
"2104","46","F05","Deciduous",35,1.9982313042313,8.6949996948242
"2105","46","F05","Deciduous",36,1.79188749663367,NA
"2106","46","F05","Deciduous",37,1.03123304391302,16.1660003662109
"2107","46","F10","Deciduous",1,3.35553614519461,NA
"2108","46","F10","Deciduous",2,1.70567696246739,8.9700002670288
"2109","46","F10","Deciduous",3,1.27364097252903,7.9700002670288
"2110","46","F10","Deciduous",4,0.3874949294696,NA
"2111","46","F10","Deciduous",5,1.15101238075044,-2.9879989624023
"2112","46","F10","Deciduous",6,1.82271077249864,0.287998199462901
"2113","46","F10","Deciduous",7,1.17079251480708,0.169000625610401
"2114","46","F10","Deciduous",8,1.09005213024558,0.958000183105501
"2115","46","F10","Deciduous",12,4.44569154885851,-4.6479988098145
"2116","46","F10","Deciduous",13,1.42443908508861,NA
"2117","46","F10","Deciduous",14,1.87133479969321,14.1450004577637
"2118","46","F10","Deciduous",15,1.21062936239649,5.7639999389648
"2119","46","F10","Deciduous",16,2.5657730160805,6.0460014343262
"2120","46","F10","Deciduous",17,2.82560540114034,-7.7360000610352
"2121","46","F10","Deciduous",19,0.87720154144335,-6.9979991912842
"2122","46","F10","Deciduous",20,1.09271072170604,NA
"2123","46","F10","Deciduous",21,1.17351607960173,NA
"2124","46","F10","Deciduous",22,0.814048359530826,15.246000289917
"2125","46","F10","Deciduous",25,1.97204026564672,8.746000289917
"2126","46","F10","Deciduous",27,0.197590415711511,15.5440006256104
"2127","46","F10","Deciduous",28,1.04211592616622,NA
"2128","46","F10","Deciduous",29,4.84641951576201,12.8520011901855
"2129","46","F10","Deciduous",30,2.35976407084913,14.3520011901855
"2130","46","F10","Deciduous",31,2.51465756935864,16.2890014648438
"2131","46","G06","Deciduous",1,0.492165785511108,-2.923999786377
"2132","46","G06","Deciduous",2,1.64186344783596,2.6940002441406
"2133","46","G06","Deciduous",4,2.80603477950467,1.3509998321533
"2134","46","G06","Deciduous",5,4.2243537746756,NA
"2135","46","G06","Deciduous",6,0.429282630778411,12.5879993438721
"2136","46","G06","Deciduous",9,0.526374570079654,5.8709983825684
"2137","46","G06","Deciduous",10,1.48200253416782,-2.6709995269775
"2138","46","G06","Deciduous",11,1.23300439191438,-0.554000854492202
"2139","46","G06","Deciduous",12,3.55090391630026,-3.1070003509521
"2140","46","G06","Deciduous",13,1.4319321586368,1.3689994812012
"2141","46","G06","Deciduous",14,1.22583150290719,0.652999877929702
"2142","46","G06","Deciduous",15,1.66293076491647,7.2690010070801
"2143","46","G06","Deciduous",16,1.86761479964559,NA
"2144","46","G06","Deciduous",18,2.21255524720276,4.2199993133545
"2145","46","G06","Deciduous",19,1.40409817589989,0.801998138427699
"2146","46","G06","Deciduous",20,1.1571834426894,1.9500007629395
"2147","46","G06","Deciduous",21,1.59805557962432,13.9500007629395
"2148","46","G06","Deciduous",22,1.20476833303085,16.8390007019043
"2149","46","G06","Deciduous",23,0.210503535864019,NA
"2150","46","G06","Deciduous",24,1.66262197323952,-2.3199996948242
"2151","46","G06","Deciduous",25,3.74697683306336,14.2210006713867
"2152","46","G06","Deciduous",26,2.71909940700674,1.2210006713867
"2153","46","G06","Deciduous",27,1.5089744206291,0.1280002593994
"2154","46","G06","Deciduous",28,1.53003700946635,11.8930015563965
"2155","46","G06","Deciduous",29,1.91362852912243,12.5659999847412
"2156","46","G06","Deciduous",30,1.32148216093305,2.5879993438721
"2157","46","G06","Deciduous",31,1.61691357283226,2.5189990997314
"2158","46","G06","Deciduous",32,0.484692985120583,12.8990001678467
"2159","46","G06","Deciduous",33,0.956418946780093,-0.100999832153299
"2160","46","G06","Deciduous",34,1.61833019476014,2.1879997253418
"2161","46","G06","Deciduous",36,0.660801303989563,-0.129001617431602
"2162","46","G06","Deciduous",37,2.23918824851722,3.2229995727539
"2163","46","G06","Deciduous",38,1.81914135711241,10.3689994812012
"2164","46","G06","Deciduous",39,0.913655008872329,1.8929996490479
"2165","46","G06","Deciduous",40,0.269880647539556,-1.2309989929199
"2166","46","G06","Deciduous",41,1.90019019691144,0.126998901367202
"2167","46","G06","Deciduous",42,5.04360001108232,-1.8470001220703
"2168","46","G06","Deciduous",43,0.60489186855417,-1.318000793457
"2169","46","G11","Deciduous",1,1.39538160562039,2.4930000305176
"2170","46","G11","Deciduous",2,0.539898476546166,2.4940013885498
"2171","46","G11","Deciduous",3,2.30942187242194,10.9560012817383
"2172","46","G11","Deciduous",4,1.05996734151711,13.6530017852783
"2173","46","G11","Deciduous",6,0.123213560316402,10.3580017089844
"2174","46","G11","Deciduous",7,0.418566964224577,12.3369998931885
"2175","46","G11","Deciduous",10,0.894872351315437,7.5659999847412
"2176","46","G11","Deciduous",12,0.30257158998774,-5.0840005874634
"2177","46","G11","Deciduous",13,1.39394580579371,NA
"2178","46","G11","Deciduous",14,1.95015738888027,12.1319999694824
"2179","46","G11","Deciduous",15,2.66876740781857,3.0850009918213
"2180","46","G11","Deciduous",16,1.34624960748109,NA
"2181","46","G11","Deciduous",17,1.13873233441927,1.9010009765625
"2182","46","G11","Deciduous",18,1.1739902043566,16.4010009765625
"2183","46","G11","Deciduous",19,0.769387667095708,13.9379997253418
"2184","46","G11","Deciduous",20,1.15275953640705,18.1530017852783
"2185","46","G11","Deciduous",21,0.85753430291976,9.6569995880127
"2186","46","G11","Deciduous",23,2.78428549805092,2.7440013885498
"2187","46","G11","Deciduous",24,2.74631147492612,8.3580017089844
"2188","46","G11","Deciduous",27,2.12163298079261,12.6120004653931
"2189","46","G11","Deciduous",28,0.704148369236588,2.4119987487793
"2190","46","G11","Deciduous",29,1.99492196801139,9.5249996185303
"2191","46","G11","Deciduous",30,1.59903060589879,5.0869998931885
"2192","46","G11","Deciduous",31,0.438500109421701,-1.9130001068115
"2193","46","G11","Deciduous",32,1.47433248405316,NA
"2194","46","G13","Deciduous",1,1.8098516028874,17.0310001373291
"2195","46","G13","Deciduous",2,3.0221640267942,NA
"2196","46","G13","Deciduous",3,1.2944221606317,11.9069995880127
"2197","46","G13","Deciduous",4,1.47623065507165,13.2509994506836
"2198","46","G13","Deciduous",5,1.41468709586854,NA
"2199","46","G13","Deciduous",6,0.612754827696397,NA
"2200","46","G13","Deciduous",7,3.15156772315989,-14.3739995956421
"2201","46","G13","Deciduous",8,1.82276050036996,-9.3650016784668
"2202","46","G13","Deciduous",9,2.44733340242754,9.7980003356934
"2203","46","G13","Deciduous",12,3.90876960043306,15.0170001983643
"2204","46","G13","Deciduous",13,2.81953432909751,12.0900001525879
"2205","46","G13","Deciduous",14,2.63942603087789,11.9589996337891
"2206","46","G13","Deciduous",15,0.639537023313396,3.0310001373291
"2207","46","G13","Deciduous",16,1.00475062810681,10.4780006408691
"2208","46","G13","Deciduous",17,1.39301518113686,14.5949993133545
"2209","46","G13","Deciduous",18,2.1178431930169,2.6260004043579
"2210","46","G13","Deciduous",19,2.50694738033509,14.7490005493164
"2211","46","G13","Deciduous",20,0.907798864007657,14.2800006866455
"2212","46","G13","Deciduous",21,1.13912181161476,13.2800006866455
"2213","46","G13","Deciduous",22,1.53057002196545,11.4069995880127
"2214","46","G13","Deciduous",23,1.66357585432379,16.9729995727539
"2215","46","G13","Deciduous",24,1.01168682466251,-4.0270004272461
"2216","46","G13","Deciduous",25,1.37603913778513,16.7160015106201
"2217","46","G13","Deciduous",29,2.73037896502462,17.0440006256104
"2218","46","G13","Deciduous",30,3.44638715237125,0.0440006256104013
"2219","46","G13","Deciduous",31,0.865578105238868,1.6349983215332
"2220","46","G13","Deciduous",32,1.20959704036243,-8.3650016784668
"2221","46","G13","Deciduous",33,0.293537917194958,10.443000793457
"2222","46","G13","Deciduous",34,0.651205237862093,12.2800006866455
"2223","46","G13","Deciduous",35,0.850493312140287,13.7290000915527
"2224","46","G13","Deciduous",36,1.51070727634407,18.2290000915527
"2225","46","G13","Deciduous",37,3.40432117800212,2.33199977874756
"2226","46","G13","Deciduous",38,2.67110732241474,14.4869995117188
"2227","46","H04","Deciduous",1,2.12479802453104,NA
"2228","46","H04","Deciduous",3,1.18050764450031,0.597000122070298
"2229","46","H04","Deciduous",7,1.84348276272223,4.3080005645752
"2230","46","H04","Deciduous",9,1.7260930901681,NA
"2231","46","H04","Deciduous",10,1.51830768265922,13.039999961853
"2232","46","H04","Deciduous",11,0.663801970489076,-4.7270002365112
"2233","46","H04","Deciduous",12,0.717573664933039,NA
"2234","46","H04","Deciduous",13,0.683623058721243,5.4130001068115
"2235","46","H04","Deciduous",15,2.15417313378681,5.6860008239746
"2236","46","H04","Deciduous",18,2.43725972455905,10.8090000152588
"2237","46","H04","Deciduous",19,0.913371887409192,NA
"2238","46","H04","Deciduous",20,0.0872478349062061,11.9979991912842
"2239","46","H04","Deciduous",21,1.14628269210043,NA
"2240","46","H04","Deciduous",22,3.62102659690419,NA
"2241","46","H04","Deciduous",23,0.617306386003034,NA
"2242","46","H04","Deciduous",24,2.51456325450582,NA
"2243","46","H04","Deciduous",25,1.57561950102105,3.6580009460449
"2244","46","H04","Deciduous",26,3.81919739638143,NA
"2245","46","H04","Deciduous",27,1.96642261251412,NA
"2246","46","H04","Deciduous",28,2.16191661710831,11.0510005950928
"2247","46","H04","Deciduous",29,1.41605945498862,11.5510005950928
"2248","46","H04","Deciduous",30,1.47404533190832,-0.623001098632798
"2249","46","H04","Deciduous",31,1.05393221986676,10.7110004425049
"2250","46","H04","Deciduous",34,0.563151855278238,11.685998916626
"2251","46","H04","Deciduous",35,1.09981027138566,9.6860008239746
"2252","46","H04","Deciduous",36,1.01811605528063,0.6860008239746
"2253","46","H04","Deciduous",37,3.27757546600137,4.13099956512451
"2254","46","H04","Deciduous",38,1.39186976743454,11.6580009460449
"2255","46","H04","Deciduous",39,3.94187879595287,12.1580009460449
"2256","46","H04","Deciduous",40,1.8689751368905,8.3730010986328
"2257","46","H09","Deciduous",1,0.9945904143712,14.3320007324219
"2258","46","H09","Deciduous",2,1.25476375190326,4.1240005493164
"2259","46","H09","Deciduous",4,2.09984321513263,15.5109996795654
"2260","46","H09","Deciduous",5,1.97905753355568,6.2789993286133
"2261","46","H09","Deciduous",6,1.99215242889227,NA
"2262","46","H09","Deciduous",7,0.955071560249576,11.2550010681152
"2263","46","H09","Deciduous",8,3.0007127295621,12.9580001831055
"2264","46","H09","Deciduous",9,2.45407834669031,15.2550010681152
"2265","46","H09","Deciduous",11,5.09363957343236,13.4580001831055
"2266","46","H09","Deciduous",12,5.23787061829209,0.458000183105501
"2267","46","H09","Deciduous",13,5.24690998738818,9.4589996337891
"2268","46","H09","Deciduous",14,5.03242946916617,NA
"2269","46","H09","Deciduous",15,1.56273845708672,NA
"2270","46","H09","Deciduous",16,0.621296415819308,-2.0089988708496
"2271","46","H09","Deciduous",17,3.14779668029163,7.4589996337891
"2272","46","H09","Deciduous",18,0.355492297862719,16.0839996337891
"2273","46","H09","Deciduous",19,2.76913631157942,15.431999206543
"2274","46","H09","Deciduous",20,1.93317538986492,7.4099998474121
"2275","46","H09","Deciduous",21,0.66129440849348,-4.5900001525879
"2276","46","H09","Deciduous",22,0.614584473276599,11.8449993133545
"2277","46","H09","Deciduous",23,1.43276934923363,16.3449993133545
"2278","46","H09","Deciduous",24,1.82479818888772,9.5670013427734
"2279","46","H09","Deciduous",25,1.49247234661261,13.9069976806641
"2280","46","H09","Deciduous",26,1.51867027384921,15.6240005493164
"2281","46","H09","Deciduous",27,4.65474161585459,8.1240005493164
"2282","46","H09","Deciduous",28,1.92942276250938,10.4939994812012
"2283","46","H09","Deciduous",29,0.46454738776285,2.9070014953613
"2284","46","H09","Deciduous",30,1.9354842905407,13.2789993286133
"2285","46","H09","Deciduous",31,2.04009114355585,12.2550010681152
"2286","46","H09","Deciduous",32,2.31738621473028,6.7550010681152
"2287","46","H09","Deciduous",33,2.43857085917351,-0.541999816894499
"2288","46","H09","Deciduous",34,2.67705210752569,0.755001068115199
"2289","46","H09","Deciduous",35,2.05216471075105,12.5480003356934
"2290","46","H09","Deciduous",36,6.35169066719685,-4.5410003662109
"2291","46","H09","Deciduous",37,4.2237491894405,10.4589996337891
"2292","46","H09","Deciduous",38,3.4870590766879,13.431999206543
"2293","46","H12","Deciduous",1,0.938430287478356,-1.78899955749512
"2294","46","H12","Deciduous",3,3.55613790228034,NA
"2295","46","H12","Deciduous",4,1.69249891799931,18.4720020294189
"2296","46","H12","Deciduous",5,1.03669900368329,-5.0279979705811
"2297","46","H12","Deciduous",6,2.64233683730417,17.9720020294189
"2298","46","H12","Deciduous",7,2.37914292964241,14.3610000610352
"2299","46","H12","Deciduous",8,2.06140393084855,NA
"2300","46","H12","Deciduous",9,1.38895046793729,NA
"2301","46","H12","Deciduous",10,2.09825406361518,4.867000579834
"2302","46","H12","Deciduous",12,2.077854049748,8.4580001831055
"2303","46","H12","Deciduous",13,1.50442680116852,1.4580001831055
"2304","46","H12","Deciduous",14,3.44407386419965,-19.3110008239746
"2305","46","H12","Deciduous",15,3.87050870959579,15.2779998779297
"2306","46","H12","Deciduous",16,0.406166977077447,-16.6769990921021
"2307","46","H12","Deciduous",17,1.10840597135518,6.9059982299805
"2308","46","H12","Deciduous",19,2.84957471916919,11.2109985351562
"2309","46","H12","Deciduous",20,1.39934656315633,11.7800006866455
"2310","46","H12","Deciduous",21,1.02739904017635,0.200000762939499
"2311","46","H12","Deciduous",22,2.69516674794017,-2.6840019226074
"2312","46","H12","Deciduous",24,1.09208024458528,17.9140014648438
"2313","46","H12","Deciduous",25,0.749568016373766,20.9140014648438
"2314","46","H12","Deciduous",26,2.9015770896031,13.4140014648438
"2315","46","H12","Deciduous",27,0.1698015203945,17.0330009460449
"2316","46","H12","Deciduous",29,1.58449646456521,1.419002532959
"2317","46","H12","Deciduous",30,1.52959457619007,15.1110000610352
"2318","46","H12","Deciduous",31,1.93029397081154,-0.627998352050799
"2319","46","H12","Deciduous",32,2.58256247162376,NA
"2320","46","H12","Deciduous",33,2.32593185340251,15.2779998779297
"2321","46","J03","Deciduous",1,1.14517189466571,17.5729999542236
"2322","46","J03","Deciduous",2,1.34747782813579,14.5729999542236
"2323","46","J03","Deciduous",3,0.646486269505852,17.1040000915527
"2324","46","J03","Deciduous",4,1.55986574661992,10.1949996948242
"2325","46","J03","Deciduous",5,1.88049137216492,NA
"2326","46","J03","Deciduous",7,1.62264962274091,1.0040006637573
"2327","46","J03","Deciduous",9,2.0373194163406,-3.1450004577637
"2328","46","J03","Deciduous",10,2.03918493541287,1.4259986877441
"2329","46","J03","Deciduous",11,1.46884220772765,-0.949001312255898
"2330","46","J03","Deciduous",12,1.52963559925569,13.8209991455078
"2331","46","J03","Deciduous",14,0.390878960684919,12.8959999084473
"2332","46","J03","Deciduous",15,3.30953604228258,16.496000289917
"2333","46","J03","Deciduous",16,2.47349424651095,NA
"2334","46","J03","Deciduous",17,1.03734600300857,16.0729999542236
"2335","46","J03","Deciduous",19,1.06244555996022,NA
"2336","46","J03","Deciduous",20,0.983607339816417,10.3059997558594
"2337","46","J03","Deciduous",21,2.53737426752121,9.359001159668
"2338","46","J03","Deciduous",22,1.94844082532596,-2.0849990844727
"2339","46","J03","Deciduous",23,2.75881245892568,12.4150009155273
"2340","46","J03","Deciduous",25,0.753810749902296,0.840000152587901
"2341","46","J03","Deciduous",26,1.4615377998061,NA
"2342","46","J03","Deciduous",27,0.773575264431341,-0.949001312255898
"2343","46","J03","Deciduous",28,2.74531683218247,NA
"2344","46","J03","Deciduous",29,0.805797117090926,0.0909996032714986
"2345","46","J03","Deciduous",30,0.316314467159095,-0.104000091552699
"2346","46","J03","Deciduous",31,1.11983691881418,6.3369998931885
"2347","46","J03","Deciduous",32,0.357002702294622,5.0040006637573
"2348","46","J03","Deciduous",33,1.61294098850832,13.3059997558594
"2349","46","J03","Deciduous",34,0.584532350536027,16.4259986877441
"2350","46","J03","Deciduous",35,1.77703622711184,5.1949996948242
"2351","46","J03","Deciduous",36,1.53481674733906,13.1429996490479
"2352","46","J03","Deciduous",37,2.36838552608661,9.9429988861084
"2353","46","J06","Deciduous",1,1.8420445096224,12.42799949646
"2354","46","J06","Deciduous",2,1.65034448930214,12.2879981994629
"2355","46","J06","Deciduous",3,1.5832049488427,2.8709983825684
"2356","46","J06","Deciduous",4,0.801062540208601,-3.3330001831055
"2357","46","J06","Deciduous",5,0.660241933936221,NA
"2358","46","J06","Deciduous",7,0.458946758992447,11.0309982299805
"2359","46","J06","Deciduous",8,3.70246535221684,18.701000213623
"2360","46","J06","Deciduous",10,2.10097939485229,14.0410003662109
"2361","46","J06","Deciduous",11,1.41767115750124,0.0410003662108984
"2362","46","J06","Deciduous",12,0.801938858049537,14.6959991455078
"2363","46","J06","Deciduous",13,1.03272271702871,2.7700004577637
"2364","46","J06","Deciduous",15,2.05727853789796,8.4669990539551
"2365","46","J06","Deciduous",16,0.461826694517774,11.4669990539551
"2366","46","J06","Deciduous",17,2.42391089380061,NA
"2367","46","J06","Deciduous",18,2.23523298942269,0.5880012512207
"2368","46","J06","Deciduous",19,4.20410197770182,-1.367000579834
"2369","46","J06","Deciduous",21,3.49471833041777,11.2879981994629
"2370","46","J06","Deciduous",22,1.84037189089271,4.2879981994629
"2371","46","J06","Deciduous",24,2.38033672261247,10.8709983825684
"2372","46","J06","Deciduous",26,2.17287138899321,10.8709983825684
"2373","46","J06","Deciduous",29,2.37819754486402,1.3540000915527
"2374","46","J06","Deciduous",32,2.09168692167868,-5.5879993438721
"2375","46","J06","Deciduous",34,1.00339187799097,NA
"2376","46","J06","Deciduous",35,1.34128186333626,NA
"2377","46","J06","Deciduous",36,3.09512090690912,-7.503999710083
"2378","46","J06","Deciduous",37,2.45748101109917,12.875
"2379","46","J06","Deciduous",38,2.03427070002818,12.6959991455078
"2380","46","J06","Deciduous",39,1.9769774478374,14.6870002746582
"2381","46","J06","Deciduous",40,2.60822104011954,15.1829986572266
"2382","46","J06","Deciduous",41,1.52598847373623,11.5029983520508
"2383","46","J09","Deciduous",1,1.00913221258909,8.7049999237061
"2384","46","J09","Deciduous",2,0.573502084210707,1.2049999237061
"2385","46","J09","Deciduous",3,1.07398949713771,12.8759994506836
"2386","46","J09","Deciduous",4,2.40570597920092,10.3009986877441
"2387","46","J09","Deciduous",6,0.863435188400182,13.4039993286133
"2388","46","J09","Deciduous",7,1.3731885808302,16.3709983825684
"2389","46","J09","Deciduous",8,1.72214951138304,7.9659996032715
"2390","46","J09","Deciduous",9,1.42321736550242,NA
"2391","46","J09","Deciduous",11,4.0376694364386,6.1380004882812
"2392","46","J09","Deciduous",12,2.0082193550881,4.0830001831055
"2393","46","J09","Deciduous",13,0.919160595048608,13.3009986877441
"2394","46","J09","Deciduous",14,0.772567245041964,-1.6990013122559
"2395","46","J09","Deciduous",15,2.62733866203351,6.5580005645752
"2396","46","J09","Deciduous",16,0.960507203277029,8.2620010375977
"2397","46","J09","Deciduous",17,1.42527367641422,-4.3899993896484
"2398","46","J09","Deciduous",18,2.89963901339027,11.3009986877441
"2399","46","J09","Deciduous",19,3.3156841645026,8.9200019836426
"2400","46","J09","Deciduous",20,1.69672123461034,8.4659996032715
"2401","46","J09","Deciduous",21,1.11853653007518,NA
"2402","46","J09","Deciduous",22,3.15730874227111,9.1380004882812
"2403","46","J09","Deciduous",23,4.9093032090204,1.2439994812012
"2404","46","J09","Deciduous",25,2.00948111925793,12.3009986877441
"2405","46","J09","Deciduous",26,3.81811758533938,NA
"2406","46","K02","Deciduous",1,1.49043492475443,9.3950004577637
"2407","46","K02","Deciduous",2,1.41272986654819,9.3430004119873
"2408","46","K02","Deciduous",3,5.84158506882676,13.109001159668
"2409","46","K02","Deciduous",4,0.466034764259182,NA
"2410","46","K02","Deciduous",5,2.22009450699759,-0.5349998474121
"2411","46","K02","Deciduous",7,1.25633546046098,12.3110008239746
"2412","46","K02","Deciduous",9,2.26204934748584,NA
"2413","46","K02","Deciduous",10,2.93974331525861,13.8079986572266
"2414","46","K02","Deciduous",11,2.91453059517245,-1.4529991149902
"2415","46","K02","Deciduous",12,0.429253054440202,12.0470008850098
"2416","46","K02","Deciduous",13,1.78203020030284,11.69700050354
"2417","46","K02","Deciduous",14,3.12376641352401,15.3950004577637
"2418","46","K02","Deciduous",16,2.74529673594436,0.343000411987301
"2419","46","K02","Deciduous",17,3.38667216412995,2.109001159668
"2420","46","K02","Deciduous",18,2.39453306198247,1.109001159668
"2421","46","K02","Deciduous",19,2.4609950997622,-1.1049995422363
"2422","46","K02","Deciduous",20,2.46623344442644,-0.5349998474121
"2423","46","K02","Deciduous",21,2.24152921881161,-0.688999176025401
"2424","46","K02","Deciduous",22,1.4103540378789,NA
"2425","46","K02","Deciduous",23,2.28184245730289,5.1219997406006
"2426","46","K02","Deciduous",24,1.67020337529914,-0.192001342773398
"2427","46","K02","Deciduous",25,2.3430555602012,NA
"2428","9","B12","Deciduous",1,2.51413294495366,NA
"2429","9","B12","Deciduous",3,1.8322421132352,10.330997467041
"2430","9","B12","Deciduous",4,0.951161921032013,5.3150032043457
"2431","9","B12","Deciduous",9,1.46014599090656,10.8350028991699
"2432","9","B12","Deciduous",11,1.7386962563677,7.9739990234375
"2433","9","B12","Deciduous",14,2.10720690311861,1.9950019836426
"2434","9","B12","Deciduous",17,2.49294409253361,NA
"2435","9","B12","Deciduous",21,1.5717491321058,5.0690002441406
"2436","9","B12","Deciduous",22,0.830365281592564,3.1150032043457
"2437","9","B12","Deciduous",23,2.15035982533783,1.8880012512207
"2438","9","B12","Deciduous",25,1.39525043978004,3.1180000305176
"2439","9","B12","Deciduous",26,0.371241114560148,-2.1540000915527
"2440","9","B12","Deciduous",27,1.9902978170609,-1.4819999694824
"2441","9","C09","Deciduous",2,2.09165550196193,1.2600051879883
"2442","9","C09","Deciduous",3,2.37733573188865,0.998002624511702
"2443","9","C09","Deciduous",4,1.31123449967563,1.8699996948242
"2444","9","C09","Deciduous",5,0.895230516775813,1.089998626709
"2445","9","C09","Deciduous",6,3.98743633571121,1.379997253418
"2446","9","C09","Deciduous",7,2.95228049057644,-0.826998138427697
"2447","9","C09","Deciduous",9,3.68791865511743,6.5999984741211
"2448","9","C09","Deciduous",10,1.38739244828226,9.484001159668
"2449","9","C09","Deciduous",12,2.27725825658431,5.1289993286133
"2450","9","C09","Deciduous",13,1.55381526648213,4.3689964294434
"2451","9","C09","Deciduous",15,3.04875296187659,-3.5859985351562
"2452","9","C09","Deciduous",17,1.14959949810652,2.0689994812012
"2453","9","C09","Deciduous",18,2.58953927395137,NA
"2454","9","C11","Deciduous",1,2.774410014726,-0.329002380371101
"2455","9","C11","Deciduous",4,1.14731720004245,NA
"2456","9","C11","Deciduous",5,1.72273834538285,-2.1969985961914
"2457","9","C11","Deciduous",6,1.58641948773603,0.693995666503898
"2458","9","C11","Deciduous",10,2.41214110898235,7.6590026855469
"2459","9","C11","Deciduous",11,1.88114618842116,0.3910034179688
"2460","9","C11","Deciduous",12,4.27126452274076,1.3499984741211
"2461","9","C11","Deciduous",13,3.45405013682475,2.055004119873
"2462","9","C11","Deciduous",15,1.47502571354559,11.255004119873
"2463","9","C11","Deciduous",16,1.53693039623334,16.255004119873
"2464","9","C11","Deciduous",17,2.72725935131244,6.7490013122559
"2465","9","C11","Deciduous",18,1.31505258920617,NA
"2466","9","C11","Deciduous",21,1.44408798028669,NA
"2467","9","C11","Deciduous",22,1.86322088907408,NA
"2468","9","C11","Deciduous",23,1.66644601824576,NA
"2469","9","C11","Deciduous",24,0.738497122562318,8.1020011901855
"2470","9","C11","Deciduous",29,4.4340604208081,-1.9320022583008
"2471","9","C11","Deciduous",30,0.558012544648759,4.6270011901855
"2472","9","C11","Deciduous",34,3.8312370033049,NA
"2473","9","C11","Deciduous",35,3.9585355450061,1.0320007324219
"2474","9","C11","Deciduous",36,2.00184607298944,23.1349960327148
"2475","9","C11","Deciduous",37,1.09657141613775,19.8590026855469
"2476","9","D06","Deciduous",4,0.825127868883466,NA
"2477","9","D06","Deciduous",7,1.48068989209406,22.0759986877441
"2478","9","D06","Deciduous",8,2.12390715173135,1.5670013427734
"2479","9","D06","Deciduous",9,0.967207595866685,3.7439994812012
"2480","9","D06","Deciduous",14,1.38036540987034,4.7149963378906
"2481","9","D06","Deciduous",19,1.84163444447366,-3.0709991455078
"2482","9","D06","Deciduous",23,2.77445024526076,19.3640022277832
"2483","9","D06","Deciduous",24,1.60693302036506,-0.312995910644499
"2484","9","D06","Deciduous",25,0.13470452107113,2.6870040893555
"2485","9","D06","Deciduous",26,2.82155692022951,14.2840003967285
"2486","9","D06","Deciduous",30,0.817274953549977,18.4839973449707
"2487","9","D08","Mixed",4,3.46581970875197,7.871997833252
"2488","9","D08","Mixed",7,3.35570500078023,2.1229972839355
"2489","9","D08","Mixed",10,1.26404795711155,4.6539993286133
"2490","9","D08","Mixed",13,2.33916234125698,3.0470008850098
"2491","9","D08","Mixed",17,3.44904524191413,12.1400032043457
"2492","9","D08","Mixed",19,5.00672649142258,0.593002319335898
"2493","9","D08","Mixed",20,2.66463639286332,-2.8399963378906
"2494","9","D08","Mixed",22,1.26153037430362,-0.0369987487793004
"2495","9","D08","Mixed",23,4.64733506328855,1.9400024414062
"2496","9","D08","Mixed",25,1.91277574146429,0.371997833251999
"2497","9","D08","Mixed",26,1.29751835007519,0.9379997253418
"2498","9","D08","Mixed",29,3.28006192885765,-0.377002716064499
"2499","9","D08","Mixed",30,2.29426994057158,6.9400024414062
"2500","9","D08","Mixed",31,5.82230160943726,4.0470008850098
"2501","9","D08","Mixed",33,3.29596432809833,6.2670021057129
"2502","9","D08","Mixed",36,2.97668376831696,1.7590026855469
"2503","9","D09","Mixed",3,2.73228652055817,4.5919952392578
"2504","9","D09","Mixed",7,4.17680755075039,3.0919952392578
"2505","9","D09","Mixed",8,3.61980254312085,3.1039962768555
"2506","9","D09","Mixed",11,1.00863816075039,2.2719993591309
"2507","9","D09","Mixed",13,1.67553814027113,1.9750030517578
"2508","9","D09","Mixed",14,2.25094282949051,4.7480033874512
"2509","9","D09","Mixed",17,4.86475305562733,3.1889991760254
"2510","9","D09","Mixed",22,1.69982698459895,16.9390029907227
"2511","9","D09","Mixed",23,1.1894251740196,2.3429985046387
"2512","9","D09","Mixed",26,1.75110350446053,-3.8890037536621
"2513","9","D09","Mixed",27,3.95530495766053,2.0109962463379
"2514","9","D09","Mixed",28,3.75585820854019,16.8359992980957
"2515","9","D09","Mixed",29,3.52998004311761,4.2359992980957
"2516","9","D09","Mixed",30,4.3991933304813,-0.864000701904299
"2517","9","D09","Mixed",32,2.9020951766894,20.6679985046387
"2518","9","D09","Mixed",34,3.04499999499878,3.6919952392578
"2519","9","D09","Mixed",35,1.47522950939483,1.4679985046387
"2520","9","D09","Mixed",38,1.49845398343306,4.1039962768555
"2521","9","D09","Mixed",40,0.571888617426288,3.8719993591309
"2522","9","D09","Mixed",42,3.22642524741722,17.4719993591309
"2523","9","D09","Mixed",43,0.650714787142232,11.4480033874512
"2524","9","D09","Mixed",44,5.61509386547555,11.6390029907227
"2525","9","D09","Mixed",46,2.19720805482081,3.1390029907227
"2526","9","D09","Mixed",47,2.23906671463128,4.4390029907227
"2527","9","D09","Mixed",48,4.24426551174068,27.2390029907227
"2528","9","D10","Mixed",8,2.16549078403529,1.806999206543
"2529","9","D10","Mixed",9,6.76290464294598,4.3289947509766
"2530","9","D10","Mixed",10,3.50270241482621,0.806999206543001
"2531","9","D10","Mixed",13,2.57247212649238,2.4709968566895
"2532","9","D10","Mixed",15,2.06169922694499,-0.195003509521499
"2533","9","D10","Mixed",17,1.06810513133022,11.2779998779297
"2534","9","D10","Mixed",18,4.42993938885717,1.1199989318848
"2535","9","D10","Mixed",22,3.96387684196003,-0.448001861572301
"2536","9","D10","Mixed",25,2.38524628296066,-3.9490013122559
"2537","9","D10","Mixed",26,1.25342010808577,3.5519981384277
"2538","9","D10","Mixed",27,5.09799792463914,6.5509986877441
"2539","9","D10","Mixed",30,3.37937549662059,1.2740020751953
"2540","9","D10","Mixed",31,1.9230315582137,3.4780006408691
"2541","9","D10","Mixed",32,2.76818556209632,15.117000579834
"2542","9","D10","Mixed",35,1.45472108136589,0.806999206543001
"2543","9","D10","Mixed",39,0.750831712486695,1.3049964904785
"2544","9","D10","Mixed",40,0.943928873815044,2.2779998779297
"2545","9","D10","Mixed",42,3.58962532710147,10.6199989318848
"2546","9","D10","Mixed",44,4.13837050981063,-0.616001129150401
"2547","9","D10","Mixed",46,3.62243591598919,27.4709968566895
"2548","9","D12","Deciduous",1,1.19808514827691,-1.905997467041
"2549","9","D12","Deciduous",2,3.04836609629965,16.294002532959
"2550","9","D12","Deciduous",3,2.15044844938455,NA
"2551","9","D12","Deciduous",4,1.93796757257169,1.9209991455078
"2552","9","D12","Deciduous",7,1.30343565995458,-2.6210021972656
"2553","9","D12","Deciduous",8,1.92842102393898,-0.778999328613299
"2554","9","D12","Deciduous",10,1.40462362160307,-1.2039993286133
"2555","9","D12","Deciduous",13,1.04410301669964,16.9160026550293
"2556","9","D12","Deciduous",15,1.81377283810267,4.444995880127
"2557","9","D12","Deciduous",17,0.857312285564545,5.2950019836426
"2558","9","D12","Deciduous",19,0.572486014510892,0.494002532958998
"2559","9","D12","Deciduous",21,2.91349486110544,-2.505997467041
"2560","9","D12","Deciduous",23,1.07262317936946,NA
"2561","9","D12","Deciduous",24,1.31407731173847,-8.3859992980957
"2562","9","D12","Deciduous",26,1.46319989020318,5.7829971313477
"2563","9","D12","Deciduous",28,1.74814789179107,NA
"2564","9","D12","Deciduous",32,3.9206146418278,1.044995880127
"2565","9","D12","Deciduous",35,2.29310426299518,20.4830032348633
"2566","9","D12","Deciduous",36,3.06999738555469,13.376000213623
"2567","9","D12","Deciduous",37,3.20573835431314,15.576000213623
"2568","9","D12","Deciduous",38,3.55566591680032,15.576000213623
"2569","9","D12","Deciduous",39,4.59724992675025,17.0819984436035
"2570","9","D12","Deciduous",40,4.61413050936097,16.176000213623
"2571","9","D12","Deciduous",41,4.68761339731206,16.9220001220703
"2572","9","D12","Deciduous",42,3.55667796312396,19.4830032348633
"2573","9","E03","Deciduous",1,3.98619670656798,0.0110015869141016
"2574","9","E03","Deciduous",2,2.25334241866395,26.8639984130859
"2575","9","E03","Deciduous",3,0.97814900479079,6.8369979858398
"2576","9","E03","Deciduous",5,1.38791645549512,5.6580009460449
"2577","9","E03","Deciduous",6,0.613302448232581,0.658000946044901
"2578","9","E03","Deciduous",11,0.366279110668944,27.5250015258789
"2579","9","E03","Deciduous",12,1.49489085330665,1.6509971618652
"2580","9","E03","Deciduous",13,2.79575743909322,5.411003112793
"2581","9","E03","Deciduous",16,1.00481999077332,NA
"2582","9","E03","Deciduous",17,1.80905871988411,NA
"2583","9","E03","Deciduous",19,1.41193519183321,NA
"2584","9","E03","Deciduous",20,2.24107456298729,NA
"2585","9","E03","Deciduous",21,1.90858916014521,-0.748001098632798
"2586","9","E03","Deciduous",22,4.45801282818556,NA
"2587","9","E03","Deciduous",24,3.58764099183795,28.1910018920898
"2588","9","E03","Deciduous",25,1.18147027045775,24.504997253418
"2589","9","E03","Deciduous",26,1.70573115278153,25.6580009460449
"2590","9","E03","Deciduous",27,1.85204895457865,1.3290023803711
"2591","9","E03","Deciduous",28,4.80938867437866,3.1910018920898
"2592","9","E03","Deciduous",29,2.76611596992659,NA
"2593","9","E03","Deciduous",30,2.50976986695286,0.650997161865199
"2594","9","E03","Deciduous",34,1.23535794449578,27.4900024414062
"2595","9","E05","Deciduous",1,5.17890908825936,1.8270034790039
"2596","9","E05","Deciduous",4,2.61199904593302,7.7640037536621
"2597","9","E05","Deciduous",5,1.6747724998971,2.6839981079102
"2598","9","E05","Deciduous",6,1.48671760063687,5.6209983825684
"2599","9","E05","Deciduous",7,1.38153785554247,8.7740020751953
"2600","9","E05","Deciduous",8,3.15726145276862,NA
"2601","9","E05","Deciduous",9,1.20427828131864,8.819995880127
"2602","9","E05","Deciduous",13,1.54598747935884,4.6790008544922
"2603","9","E05","Deciduous",15,1.13547453964607,-0.109001159668001
"2604","9","E05","Deciduous",16,2.51092374382259,2.3849945068359
"2605","9","E05","Deciduous",21,0.935831261071434,8.6209983825684
"2606","9","E05","Deciduous",23,3.20079149465795,NA
"2607","9","E05","Deciduous",25,3.60191861556195,NA
"2608","9","E05","Deciduous",26,1.03310043537314,6.5010032653809
"2609","9","E05","Deciduous",27,4.00308059057393,5.890998840332
"2610","9","E05","Deciduous",28,2.31251918909505,3.319995880127
"2611","9","E05","Deciduous",29,0.770363652092294,22.6959991455078
"2612","9","E11","Mixed",1,1.5935693347565,-0.370001220703099
"2613","9","E11","Mixed",4,6.20483071934989,1.4299987792969
"2614","9","E11","Mixed",5,3.95611374963708,0.429998779296898
"2615","9","E11","Mixed",7,6.00649659613691,7.784001159668
"2616","9","E11","Mixed",9,1.06663263683391,1.084001159668
"2617","9","E11","Mixed",13,1.51613413612061,2.4810028076172
"2618","9","E11","Mixed",15,3.23184010874872,2.1300018310547
"2619","9","E11","Mixed",17,2.95691896586702,3.3689971923828
"2620","9","E11","Mixed",21,5.66483032949524,-0.523003387451201
"2621","9","E11","Mixed",22,1.86551599489685,7.3299987792969
"2622","9","E11","Mixed",23,1.12464658588513,-0.823003387451202
"2623","9","E11","Mixed",24,4.35996572148328,7.2769966125488
"2624","9","E11","Mixed",26,2.56760788144176,1.8299987792969
"2625","9","E11","Mixed",28,8.16161790807975,3.5299987792969
"2626","9","E11","Mixed",30,5.40409664258393,5.484001159668
"2627","9","E11","Mixed",33,3.09565444533988,2.937996673584
"2628","9","E11","Mixed",34,5.40764720651786,17.637996673584
"2629","9","E11","Mixed",35,5.366045589589,5.6810028076172
"2630","9","E11","Mixed",37,1.1435706816069,8.4689971923828
"2631","9","E11","Mixed",38,2.0418978912722,25.884001159668
"2632","9","E11","Mixed",39,3.74426251851323,26.1810028076172
"2633","9","F02","Deciduous",1,1.38664156380736,29.7709983825684
"2634","9","F02","Deciduous",3,1.13264450033414,NA
"2635","9","F02","Deciduous",5,1.12651977051661,-0.721996307373001
"2636","9","F02","Deciduous",7,1.20410151132357,2.1259994506836
"2637","9","F02","Deciduous",8,1.55279130392014,3.2050018310547
"2638","9","F02","Deciduous",9,1.06039631409841,3.7980003356934
"2639","9","F02","Deciduous",10,1.01063818977673,-1.2919998168945
"2640","9","F02","Deciduous",12,1.30959825810214,2.5739974975586
"2641","9","F02","Deciduous",13,3.37659330371546,-0.426002502441399
"2642","9","F02","Deciduous",14,0.480009098371568,-1.1290016174316
"2643","9","F02","Deciduous",15,1.1825932982102,1.5319976806641
"2644","9","F02","Deciduous",16,2.39422614645325,-1.9539985656738
"2645","9","F02","Deciduous",18,3.59140334687788,-1.2569999694824
"2646","9","F02","Deciduous",19,2.99722838636062,34.0780014038086
"2647","9","F02","Deciduous",21,1.20735749408939,NA
"2648","9","F04","Deciduous",1,1.44135858897386,0.565998077392599
"2649","9","F04","Deciduous",3,3.31107747244542,NA
"2650","9","F04","Deciduous",4,2.57521480874411,0.331996917724599
"2651","9","F04","Deciduous",5,1.38177239755456,0.874000549316399
"2652","9","F04","Deciduous",6,1.62420617038461,-2.3350028991699
"2653","9","F04","Deciduous",7,0.628441423524042,2.2399978637695
"2654","9","F04","Deciduous",8,4.16033245271685,-17.7010002136231
"2655","9","F04","Deciduous",14,2.6722895112287,NA
"2656","9","F04","Deciduous",15,2.67945207761154,NA
"2657","9","F04","Deciduous",21,3.73402544160094,24.1079978942871
"2658","9","F04","Deciduous",22,0.806979876802786,22.4949989318848
"2659","9","F04","Deciduous",23,1.31720689521044,23.9899978637695
"2660","9","F09","Mixed",1,5.5147864742743,8.2390007019043
"2661","9","F09","Mixed",2,3.92255079946794,3.8390007019043
"2662","9","F09","Mixed",5,9.80116667808159,0.407995605468798
"2663","9","F09","Mixed",6,4.01297352461119,4.6079956054688
"2664","9","F09","Mixed",7,4.55670727616803,1.25
"2665","9","F09","Mixed",8,0.924715052807431,1.35
"2666","9","F09","Mixed",10,2.26476180517514,0.534999084472698
"2667","9","F09","Mixed",12,3.10732899396866,2.4509986877441
"2668","9","F09","Mixed",13,6.47697370192077,3.243000793457
"2669","9","F09","Mixed",17,3.85090796615882,15.2509986877441
"2670","9","F09","Mixed",18,1.47422008719711,0.512000274658199
"2671","9","F09","Mixed",19,2.17769509088131,27.0230018615723
"2672","9","F09","Mixed",20,2.45423433284494,-0.7769981384277
"2673","9","F09","Mixed",21,3.48146547025421,0.939000701904302
"2674","9","F09","Mixed",23,2.36509664997107,-0.360999298095699
"2675","9","F09","Mixed",24,5.91386347465195,-0.360999298095699
"2676","9","F09","Mixed",25,7.74964989727167,1.9620002746582
"2677","9","F09","Mixed",28,2.40127619757172,2.5620002746582
"2678","9","F09","Mixed",29,3.10200922332674,1.6079956054688
"2679","9","F09","Mixed",30,0.588859555547015,-1.35
"2680","9","F09","Mixed",32,4.12175942425566,0.734999084472697
"2681","9","F09","Mixed",33,3.70723142093642,5.2349990844727
"2682","9","F09","Mixed",34,2.00277060180578,1.1620002746582
"2683","9","F10","Mixed",3,4.29957001473672,0.444998168945297
"2684","9","F10","Mixed",4,6.38356212691109,0.405004119873002
"2685","9","F10","Mixed",7,2.66024552403466,1.605004119873
"2686","9","F10","Mixed",12,2.01769312624322,-1.5119987487793
"2687","9","F10","Mixed",22,1.15476757213708,0.436997222900395
"2688","9","F10","Mixed",23,1.20198838813058,1.4509948730469
"2689","9","F10","Mixed",28,5.40814173352697,2.205004119873
"2690","9","F10","Mixed",30,5.79332765959453,1.505004119873
"2691","9","F10","Mixed",31,3.06307100392092,1.105004119873
"2692","9","F10","Mixed",35,5.98952444797084,6.7880012512207
"2693","9","F10","Mixed",36,2.46323850288828,5.4880012512207
"2694","9","F10","Mixed",37,3.78434811494062,1.4379989624023
"2695","9","F10","Mixed",39,0.767900927658332,4.5789993286133
"2696","9","F10","Mixed",40,2.83158188905218,4.5379989624023
"2697","9","F10","Mixed",42,3.95548941934669,2.8819976806641
"2698","9","F12","Mixed",2,4.10086884096049,7.1660011291504
"2699","9","F12","Mixed",4,5.10284528458767,-0.375998687744101
"2700","9","F12","Mixed",9,4.61626725664964,1.752001953125
"2701","9","F12","Mixed",12,3.8276778766457,3.0750015258789
"2702","9","F12","Mixed",13,2.17383366602124,4.8979972839355
"2703","9","F12","Mixed",14,3.60145944630703,27.8979972839355
"2704","9","F12","Mixed",15,3.53512355994603,-5.8869995117188
"2705","9","F12","Mixed",16,2.81020352974861,8.3130004882812
"2706","9","F12","Mixed",17,1.29558497265863,8.0050010681152
"2707","9","F12","Mixed",18,1.25984460395685,-9.507999420166
"2708","9","F12","Mixed",19,3.03748665302814,18.692000579834
"2709","9","F12","Mixed",20,2.35146951169045,15.692000579834
"2710","9","F12","Mixed",21,2.01138274441609,-14.6339988708496
"2711","9","F12","Mixed",22,3.32308867438667,10.3660011291504
"2712","9","F12","Mixed",23,4.69756390279041,13.8240013122559
"2713","9","F12","Mixed",24,3.38789017487333,20.8240013122559
"2714","9","F12","Mixed",25,4.36576055367953,31.9880012512207
"2715","9","F12","Mixed",27,3.53518704079504,21.3880012512207
"2716","9","F12","Mixed",29,1.13684803905571,0.5360000610352
"2717","9","F12","Mixed",31,3.2525729361979,4.5360000610352
"2718","9","F12","Mixed",32,5.33923115106271,24.152001953125
"2719","9","F12","Mixed",33,5.9291895512678,22.752001953125
"2720","9","F12","Mixed",34,7.02791239912917,25.752001953125
"2721","9","F12","Mixed",35,5.62731179868205,28.352001953125
"2722","9","F12","Mixed",36,3.18776371437265,14.652001953125
"2723","9","F12","Mixed",38,2.43178959530887,11.5750015258789
"2724","9","F12","Mixed",39,2.15796987532175,2.2069946289062
"2725","9","F12","Mixed",40,3.93602313101409,17.9360000610352
"2726","9","F12","Mixed",41,1.37065276344422,18.492000579834
"2727","9","F12","Mixed",42,2.60480169768979,28.4240013122559
"2728","9","F12","Mixed",43,3.53353072902745,29.3880012512207
"2729","9","F12","Mixed",44,3.44506382662522,30.9880012512207
"2730","9","F13","Mixed",1,5.46729245286413,8.072998046875
"2731","9","F13","Mixed",2,1.41217343379972,14.572998046875
"2732","9","F13","Mixed",3,1.18282904769916,-7.5459999084473
"2733","9","F13","Mixed",9,5.13598896119543,0.472998046874999
"2734","9","F13","Mixed",14,4.84848112246804,13.1900024414062
"2735","9","F13","Mixed",17,2.68216765571934,24.6900024414062
"2736","9","F13","Mixed",18,3.79672695258037,21.3900024414062
"2737","9","F13","Mixed",20,4.13994853405105,10.3900024414062
"2738","9","F13","Mixed",21,3.5091468246909,12.8089981079102
"2739","9","F13","Mixed",22,4.27063906497771,13.8089981079102
"2740","9","F13","Mixed",24,4.80544848781479,0.747999572753898
"2741","9","F13","Mixed",25,2.67971209839227,10.4089981079102
"2742","9","F13","Mixed",27,5.45474591526385,11.1900024414062
"2743","9","F13","Mixed",28,0.854227772329558,7.7479995727539
"2744","9","F13","Mixed",30,0.901169882513233,17.3359977722168
"2745","9","F13","Mixed",32,4.96359769393648,19.5610008239746
"2746","9","F13","Mixed",33,2.51356666559823,22.4610008239746
"2747","9","F13","Mixed",34,3.94026178760871,-4.7660026550293
"2748","9","F13","Mixed",38,3.12960908099573,-2.4389991760254
"2749","9","F13","Mixed",39,4.09985229376874,19.872998046875
"2750","9","F13","Mixed",41,3.2812781688574,12.672998046875
"2751","9","F13","Mixed",43,4.10260943387607,27.872998046875
"2752","9","F13","Mixed",46,2.814416476818,21.572998046875
"2753","9","F13","Mixed",48,5.2969074988971,12.3760032653809
"2754","9","F13","Mixed",51,4.16641273379577,18.0760032653809
"2755","9","F13","Mixed",52,2.23955701098319,25.2760032653809
"2756","9","F13","Mixed",53,2.50331179195027,12.3760032653809
"2757","9","F13","Mixed",54,3.47632064834067,18.2760032653809
"2758","9","F13","Mixed",56,3.81213920967377,21.3760032653809
"2759","9","F13","Mixed",57,5.71105604533962,24.1900024414062
"2760","9","F13","Mixed",58,7.6509258049477,21.9760032653809
"2761","9","F13","Mixed",59,3.28038243937081,24.7900024414062
"2762","9","F13","Mixed",60,4.70908739994325,20.4900024414062
"2763","9","F13","Mixed",61,5.59229394782219,16.8900024414062
"2764","9","F13","Mixed",63,4.85779711316536,17.6900024414062
"2765","9","F13","Mixed",64,2.84412880253907,24.3900024414062
"2766","9","F13","Mixed",65,2.265347943012,-7.4099975585938
"2767","9","F13","Mixed",66,4.18730836411596,3.5089981079102
"2768","9","F13","Mixed",67,2.59042688089258,30.2089981079102
"2769","9","F13","Mixed",68,6.25120267241543,27.4089981079102
"2770","9","F13","Mixed",69,4.89619232015122,29.0089981079102
"2771","9","G03","Deciduous",2,2.70930195343766,-1.0639953613281
"2772","9","G03","Deciduous",3,1.22638149887172,-2.3300018310547
"2773","9","G03","Deciduous",4,0.4416145587341,5.5639991760254
"2774","9","G03","Deciduous",6,0.906743391973658,4.3310012817383
"2775","9","G03","Deciduous",8,2.38427133570734,2.943000793457
"2776","9","G03","Deciduous",9,2.38582495536666,6.9619979858398
"2777","9","G03","Deciduous",10,1.59463581057408,NA
"2778","9","G03","Deciduous",11,2.05209062608456,-2.4360008239746
"2779","9","G03","Deciduous",13,0.516078336213807,-1.0099983215332
"2780","9","G03","Deciduous",16,1.36221937651196,-0.288997650146499
"2781","9","G03","Deciduous",17,1.86637909918214,0.163002014160199
"2782","9","G03","Deciduous",18,0.618535169248282,NA
"2783","9","G03","Deciduous",19,1.71763558418605,20.6820022583008
"2784","9","G09","Mixed",1,1.21208028419846,5.6710014343262
"2785","9","G09","Mixed",2,2.25393877406007,2.1290008544922
"2786","9","G09","Mixed",3,5.87007763647113,0.413001251220699
"2787","9","G09","Mixed",4,2.36344712121004,1.1130012512207
"2788","9","G09","Mixed",6,3.79011277036359,1.1130012512207
"2789","9","G09","Mixed",8,2.68346013486648,-0.682002258300805
"2790","9","G09","Mixed",9,5.98868523147323,-1.5479995727539
"2791","9","G09","Mixed",11,1.33750476447921,15.3520004272461
"2792","9","G09","Mixed",14,3.00105614222432,3.1230018615723
"2793","9","G09","Mixed",19,2.80474117760271,1.3910011291504
"2794","9","G09","Mixed",21,2.93254146663253,3.2840026855469
"2795","9","G09","Mixed",23,2.18038455760352,1.7539985656738
"2796","9","G09","Mixed",24,2.35010920596045,2.0290008544922
"2797","9","G09","Mixed",29,4.72972284929775,0.217997741699197
"2798","9","G09","Mixed",30,2.7566521832227,0.117997741699199
"2799","9","G09","Mixed",31,5.0371679563328,-3.7479995727539
"2800","9","G09","Mixed",32,2.70716014799577,-2.048998260498
"2801","9","G09","Mixed",33,4.48219434671809,-0.747999572753898
"2802","9","G09","Mixed",34,0.485370141700582,1.9839973449707
"2803","9","G11","Mixed",5,3.02956630560479,6.0609985351562
"2804","9","G11","Mixed",8,1.01634178739019,4.5569984436035
"2805","9","G11","Mixed",10,1.55372254317966,6.2829986572266
"2806","9","G11","Mixed",11,1.97616642555858,2.1829986572266
"2807","9","G11","Mixed",13,5.43479447762588,6.9379981994629
"2808","9","G11","Mixed",15,5.79203299657068,2.5150024414062
"2809","9","G11","Mixed",17,3.54600461980575,-3.8419982910156
"2810","9","G11","Mixed",19,2.83846634555641,-3.228002166748
"2811","9","G11","Mixed",21,0.668288427536977,-12.1500007629395
"2812","9","G11","Mixed",22,1.27732326808253,-11.1390014648438
"2813","9","G11","Mixed",23,2.24683177204406,-8.6430015563965
"2814","9","G11","Mixed",25,6.08330100171418,-8.6170013427734
"2815","9","G11","Mixed",27,3.68601232086753,11.3420013427734
"2816","9","G11","Mixed",29,1.8683334222482,30.9150024414062
"2817","9","G11","Mixed",30,3.61617420418104,33.3420013427734
"2818","9","G11","Mixed",31,2.37853470835764,35.1420013427734
"2819","9","G11","Mixed",32,3.92438447656151,16.9569984436035
"2820","9","G13","Mixed",2,5.46551806232641,35.8010040283203
"2821","9","G13","Mixed",6,1.80352395227544,-1.3189987182617
"2822","9","G13","Mixed",9,3.19171339991962,-0.7720016479492
"2823","9","G13","Mixed",10,3.78911335275848,11.2620018005371
"2824","9","G13","Mixed",11,2.095689316121,25.8620018005371
"2825","9","G13","Mixed",12,2.80676177401766,11.6010040283203
"2826","9","G13","Mixed",13,2.29638411423631,NA
"2827","9","G13","Mixed",14,3.20525328303698,24.1459976196289
"2828","9","G13","Mixed",15,2.25808374328376,6.7459976196289
"2829","9","G13","Mixed",19,2.03652167362201,-13.6199981689453
"2830","9","G13","Mixed",20,1.99849707194557,-12.3169960021973
"2831","9","H04","Deciduous",1,1.21261789129631,-0.995996093750001
"2832","9","H04","Deciduous",3,2.4337213100546,2.8390007019043
"2833","9","H04","Deciduous",5,1.4738378251438,NA
"2834","9","H04","Deciduous",7,2.66505422403908,NA
"2835","9","H04","Deciduous",10,1.47702966999061,0.603996276855501
"2836","9","H04","Deciduous",11,0.638317053382292,1.7270011901855
"2837","9","H04","Deciduous",14,3.08363076440425,5.5119972229004
"2838","9","H04","Deciduous",16,3.76975505457285,-1.0890022277832
"2839","9","H04","Deciduous",19,1.15964371087568,1.1360015869141
"2840","9","H04","Deciduous",20,1.48487329193722,6.3520011901855
"2841","9","H04","Deciduous",21,1.1203481673921,24.2509986877441
"2842","9","H04","Deciduous",22,0.646225498524505,0.7739967346191
"2843","9","H04","Deciduous",24,2.15706236324928,NA
"2844","9","H12","Deciduous",1,1.98707830020024,13.6839988708496
"2845","9","H12","Deciduous",2,1.46931209132027,22.0839988708496
"2846","9","H12","Deciduous",3,4.0178426849918,10.7819999694824
"2847","9","H12","Deciduous",4,2.63479381026821,2.0160003662109
"2848","9","H12","Deciduous",9,0.27781653489191,NA
"2849","9","H12","Deciduous",10,0.849679091071541,NA
"2850","9","H12","Deciduous",11,3.87708675198738,0.429998779296898
"2851","9","H12","Deciduous",12,1.45743753987592,7.0199966430664
"2852","9","H12","Deciduous",14,2.31767901142076,11.0889999389648
"2853","9","H12","Deciduous",15,0.605169949410955,NA
"2854","9","H12","Deciduous",16,2.07432784293095,2.7389953613281
"2855","9","H12","Deciduous",18,2.12323686076246,NA
"2856","9","H12","Deciduous",19,1.80625719176524,NA
"2857","9","H12","Deciduous",20,0.376982357466923,10.7319984436035
"2858","9","H12","Deciduous",21,1.75413797449454,8.7319984436035
"2859","9","H12","Deciduous",22,2.74271206830457,NA
"2860","9","H12","Deciduous",23,1.06869192039737,11.2770004272461
"2861","9","H12","Deciduous",26,3.83382373815798,5.3819999694824
"2862","9","H12","Deciduous",27,3.49842065617662,-4.5229995727539
"2863","9","H12","Deciduous",29,2.21356591847081,12.2819999694824
"2864","9","H12","Deciduous",30,2.27174628267682,0.781999969482399
"2865","9","H12","Deciduous",31,1.95909822635,1.6790008544922
"2866","9","H12","Deciduous",32,3.3656572868203,2.6559982299805
"2867","9","H12","Deciduous",34,1.28884159436056,NA
"2868","9","H12","Deciduous",35,3.15372915416909,14.5299987792969
"2869","9","H12","Deciduous",37,1.69807636498205,14.4299987792969
"2870","9","H12","Deciduous",38,2.5214170951348,16.3299987792969
"2871","9","H12","Deciduous",39,2.00693468481992,6.8889999389648
"2872","9","H12","Deciduous",41,3.4073191673772,20.3549980163574
"2873","9","H12","Deciduous",43,2.86629355825311,14.7549980163574
"2874","9","H12","Deciduous",45,1.52333633191359,11.5549980163574
"2875","9","H12","Deciduous",46,1.0698581444923,1.5549980163574
"2876","9","H12","Deciduous",47,0.583273131940679,17.8519973754883
"2877","9","H12","Deciduous",48,5.1169590772306,13.4559982299805
"2878","9","H12","Deciduous",49,1.32864364565746,18.7299987792969
"2879","9","H12","Deciduous",50,1.52466727993487,19.3299987792969
"2880","9","H12","Deciduous",51,2.22402618818151,13.9549980163574
"2881","9","H12","Deciduous",52,2.6287761102105,11.6640007019043
"2882","9","H12","Deciduous",53,1.30333715623646,20.0199966430664
"2883","9","H12","Deciduous",54,1.14725183196666,19.4770004272461
"2884","9","H12","Deciduous",55,0.866855053466879,17.2770004272461
"2885","9","H12","Deciduous",57,4.72665212607053,16.6770004272461
"2886","9","H12","Deciduous",58,4.75277157566581,22.3299987792969
"2887","9","H12","Deciduous",59,4.05841728094978,21.3299987792969
"2888","9","H12","Deciduous",60,3.3055786739357,16.1640007019043
"2889","9","H13","Deciduous",1,0.512135242190545,NA
"2890","9","H13","Deciduous",2,1.29341806396137,NA
"2891","9","H13","Deciduous",5,1.12013369787313,21.6849998474121
"2892","9","H13","Deciduous",6,2.91848966598778,NA
"2893","9","H13","Deciduous",9,1.51702019022395,NA
"2894","9","H13","Deciduous",10,5.20223398546117,1.9589981079102
"2895","9","H13","Deciduous",13,0.71762436325741,-0.4969985961914
"2896","9","H13","Deciduous",15,7.79866115768483,0.239997100830099
"2897","9","H13","Deciduous",17,1.3608288617565,NA
"2898","9","H13","Deciduous",18,2.35784808485608,1.7539970397949
"2899","9","H13","Deciduous",21,4.27372380520637,NA
"2900","9","H13","Deciduous",22,1.0709304414657,2.796996307373
"2901","9","H13","Deciduous",23,1.28608289090755,5.9839981079102
"2902","9","J03","Mixed",1,2.04193266939457,-0.606998443603501
"2903","9","J03","Mixed",4,1.08025906098991,16.7240028381348
"2904","9","J03","Mixed",12,1.45446622511911,3.5589981079102
"2905","9","J03","Mixed",16,1.49523279691352,3.7700004577637
"2906","9","J03","Mixed",17,0.995809476286036,4.0579986572266
"2907","9","J03","Mixed",18,1.42946017833251,0.356998443603501
"2908","9","J03","Mixed",21,2.30724251575263,-1.5840034484863
"2909","9","J03","Mixed",24,2.57032653960943,3.4600028991699
"2910","9","J03","Mixed",25,3.31748820281936,25.3629997253418
"2911","9","J03","Mixed",28,2.49655745038926,3.6269989013672
"2912","9","J03","Mixed",37,3.12181096147124,-2.1330032348633
"2913","9","J03","Mixed",39,2.11852243144009,0.866996765136701
"2914","9","J03","Mixed",40,2.55976382380279,0.4909973144531
"2915","9","J03","Mixed",43,3.81827498493224,11.4909973144531
"2916","9","J03","Mixed",44,2.18326721228325,1.4909973144531
"2917","9","J03","Mixed",48,4.35783298092086,1.3930015563965
"2918","9","J03","Mixed",49,2.72277113888823,1.8930015563965
"2919","9","J03","Mixed",53,1.39425528731331,3.0569953918457
"2920","9","J03","Mixed",58,2.62307126015157,10.7700004577637
"2921","9","J03","Mixed",59,3.03797456454049,4.3569984436035
"2922","9","J03","Mixed",61,1.50255172657484,3.625
"2923","9","J03","Mixed",64,3.50993808277788,0.4159965515137
"2924","9","J03","Mixed",65,1.30386929879786,3.4600028991699
"2925","9","J03","Mixed",68,1.19399161648397,2.7710037231445
"2926","9","J03","Mixed",73,0.685958065047188,22.5790023803711
"2927","9","J03","Mixed",75,4.57841369907524,3.0879974365234
"2928","9","J03","Mixed",80,2.05992254748832,NA
"2929","9","J03","Mixed",79,3.17958600025749,2.7700004577637
"2930","9","J05","Deciduous",3,1.18701880938895,NA
"2931","9","J05","Deciduous",5,2.34593638150953,NA
"2932","9","J05","Deciduous",7,0.945169297021755,-2.4739967346191
"2933","9","J05","Deciduous",10,1.88554936768685,-1.388996887207
"2934","9","J05","Deciduous",11,0.55378280350417,-5.5249954223633
"2935","9","J05","Deciduous",14,0.983740311270903,0.169003295898399
"2936","9","J05","Deciduous",15,3.95640655801493,NA
"2937","9","J05","Deciduous",16,6.78815249363899,-4.8660011291504
"2938","9","J05","Deciduous",17,4.07419848842646,-3.1639984130859
"2939","9","J05","Deciduous",19,2.94996203456515,25.1360015869141
"2940","9","J05","Deciduous",20,1.14906266146387,-4.2159996032715
"2941","9","J05","Deciduous",22,1.03761877836421,-0.7630004882812
"2942","9","J11","Deciduous",1,1.05855653477814,NA
"2943","9","J11","Deciduous",2,0.634766732019868,0.244997406005897
"2944","9","J11","Deciduous",3,2.47844144576806,NA
"2945","9","J11","Deciduous",5,1.57535020822293,-3.1380004882812
"2946","9","J11","Deciduous",7,1.21882705752555,4.4449951171875
"2947","9","J11","Deciduous",9,2.46414663692341,4.6429992675781
"2948","9","J11","Deciduous",10,1.89744227545199,-5.9300003051758
"2949","9","J11","Deciduous",12,1.98880698668224,NA
"2950","9","J11","Deciduous",14,1.12965090376709,NA
"2951","9","J11","Deciduous",16,0.615186167490094,16.3900009155273
"2952","9","J11","Deciduous",17,3.77853421457364,NA
"2953","9","J11","Deciduous",19,2.30030090325971,-6.88199996948242
"2954","9","J11","Deciduous",20,2.02809071831915,10.3309982299805
"2955","9","J11","Deciduous",23,1.4540317643973,4.0449951171875
"2956","9","J11","Deciduous",24,1.95221423812848,8.7759986877441
"2957","9","K12","Mixed",1,2.99093839812386,NA
"2958","9","K12","Mixed",2,0.268786105973205,NA
"2959","9","K12","Mixed",3,2.70031795436607,-2.9419982910156
"2960","9","K12","Mixed",4,2.98438594055875,-0.6419982910156
"2961","9","K12","Mixed",5,1.82261985052997,NA
"2962","9","K12","Mixed",6,1.52014039091192,-1.1719985961914
"2963","9","K12","Mixed",8,1.11886167974223,NA
"2964","9","K12","Mixed",9,0.825479880946906,15.2400009155273
"2965","9","K12","Mixed",10,1.27559445348066,18.865998840332
"2966","9","K12","Mixed",12,1.65258302275399,NA
"2967","9","K12","Mixed",13,2.42094739864741,NA
"2968","9","K12","Mixed",14,1.45956979965615,NA
"2969","9","K12","Mixed",16,6.12130247579768,-6.5450019836426
"2970","9","K12","Mixed",19,4.38849798376945,6.5020011901855
"2971","9","K12","Mixed",21,2.48771247481569,NA
"2972","9","K12","Mixed",23,2.38847348775416,17.7580017089844
"2973","9","K12","Mixed",24,4.65990326969292,22.3280014038086
"2974","9","K12","Mixed",25,1.47223178796833,NA
"2975","9","K12","Mixed",26,1.72956201927114,3.1740028381348
"2976","9","K12","Mixed",27,1.69499944601665,4.951001739502
"2977","9","K14","Deciduous",1,1.73938498695074,2.3560028076172
"2978","9","K14","Deciduous",2,2.35464433795674,1.1290016174316
"2979","9","K14","Deciduous",5,4.06924656708875,22.9129989624023
"2980","9","K14","Deciduous",6,2.43793247513901,8.1059989929199
"2981","9","K14","Deciduous",7,1.19713003993052,18.9360023498535
"2982","9","K14","Deciduous",8,1.94204211451848,-2.3479995727539
"2983","9","K14","Deciduous",9,2.45996142438315,-4.9369979858398
"2984","9","K14","Deciduous",11,0.601745543788817,6.0389976501465
"2985","9","K14","Deciduous",12,0.269092034399906,1.1129989624023
"2986","9","L04","Deciduous",1,2.90272221281476,NA
"2987","9","L04","Deciduous",2,1.03932226067971,20.3010009765625
"2988","9","L04","Deciduous",4,2.17585732863476,1.2080009460449
"2989","9","L04","Deciduous",7,0.642597671960328,20.4850021362305
"2990","9","L04","Deciduous",10,0.453484478439152,NA
"2991","9","L04","Deciduous",11,2.37502706699988,3.5119964599609
"2992","9","L04","Deciduous",12,4.39632587927338,1.589998626709
"2993","9","L04","Deciduous",14,2.86154508306516,3.289998626709
"2994","9","L04","Deciduous",15,2.55138232895271,3.189998626709
"2995","9","L04","Deciduous",21,2.10683739851437,NA
"2996","9","L04","Deciduous",22,3.92480439721358,23.7849998474121
"2997","9","L04","Deciduous",23,1.23235626800336,8.4000030517578
"2998","9","L04","Deciduous",26,1.36025856391579,NA
"2999","9","L04","Deciduous",27,0.140804670159443,-6.0149978637695
"3000","9","L04","Deciduous",30,1.40490188956494,21.4249961853027
"3001","9","L04","Deciduous",31,0.658022470754147,NA
"3002","9","L04","Deciduous",32,4.06137767258443,NA
"3003","9","L04","Deciduous",33,2.08153717632857,4.056999206543
"3004","9","L04","Deciduous",34,2.18361746783051,0.1670013427734
"3005","9","L06","Mixed",1,1.45568636287496,NA
"3006","9","L06","Mixed",2,0.262772855779316,NA
"3007","9","L06","Mixed",3,3.300916256991,12.5229988098145
"3008","9","L06","Mixed",4,3.89476419153469,NA
"3009","9","L06","Mixed",6,0.793817447180266,1.421997833252
"3010","9","L06","Mixed",7,4.18825400568112,25.9189979553223
"3011","9","L06","Mixed",9,3.69468963966647,4.5110015869141
"3012","9","L06","Mixed",10,2.97382321006987,18.7430000305176
"3013","9","L06","Mixed",12,3.31204864875377,20.9479995727539
"3014","9","L06","Mixed",17,3.64789069285374,5.9479995727539
"3015","9","L06","Mixed",18,3.12572721249844,4.5040000915527
"3016","9","L06","Mixed",19,1.59159896892303,1.1230041503906
"3017","9","L06","Mixed",22,3.56494548879096,-0.967995452880899
"3018","9","L06","Mixed",23,2.69604715681127,-1.178002166748
"3019","9","L06","Mixed",27,1.00460459596279,-1.4810020446777
"3020","9","L06","Mixed",30,2.57054692785586,3.1430000305176
"3021","9","L06","Mixed",31,3.34763677839828,-0.188998413085898
"3022","9","L06","Mixed",32,3.38782882463646,2.8169967651367
"3023","9","L07","Mixed",1,0.98716166303925,-0.900997161865199
"3024","9","L07","Mixed",4,0.0835135830296984,1.802001953125
"3025","9","L07","Mixed",5,1.60007906052543,10.2199974060059
"3026","9","L07","Mixed",7,2.36355237987859,0.633995819091801
"3027","9","L07","Mixed",8,1.5717486933542,1.4580032348633
"3028","9","L07","Mixed",9,2.44716289730003,23.5189956665039
"3029","9","L07","Mixed",10,1.52625313737141,4.2189956665039
"3030","9","L07","Mixed",12,1.49948528532107,2.0439994812012
"3031","9","L07","Mixed",13,3.43047277119096,0.2990028381348
"3032","9","L07","Mixed",14,2.03971714758767,0.599002838134801
"3033","9","L07","Mixed",15,1.5310522068423,-2.297998046875
"3034","9","L07","Mixed",16,0.699181923015621,1.8789978027344
"3035","9","L07","Mixed",17,1.57460266711232,-1.3210021972656
"3036","9","L07","Mixed",18,2.47878519929278,24.1730010986328
"3037","9","L07","Mixed",19,1.87308994743451,0.237999725341801
"3038","9","L07","Mixed",22,1.66266442796986,4.3580032348633
"3039","9","L13","Deciduous",2,1.73287864349574,4.5429969787598
"3040","9","L13","Deciduous",3,1.04002113808387,2.6579956054688
"3041","9","L13","Deciduous",4,1.97334767611346,0.954998016357401
"3042","9","L13","Deciduous",6,1.6095593578581,0.0159988403319993
"3043","9","L13","Deciduous",7,1.66597765988368,NA
"3044","9","L13","Deciduous",8,2.31407975257009,0.2469993591309
"3045","9","L13","Deciduous",9,0.644934139375647,1.0540008544922
"3046","9","L13","Deciduous",13,2.88039140386737,NA
"3047","9","L13","Deciduous",14,1.63247993182999,-0.258000946044902
"3048","9","L13","Deciduous",15,0.577470345538728,6.1490005493164
"3049","9","L13","Deciduous",16,1.12514775347725,5.1490005493164
"3050","9","L13","Deciduous",20,1.69971097403012,0.535002136230499
"3051","9","L13","Deciduous",21,2.79335241902033,3.6390022277832
"3052","9","L13","Deciduous",22,5.55620964214305,17.4159980773926
"3053","9","L13","Deciduous",23,2.42133973927536,2.9540008544922
"3054","9","L13","Deciduous",24,4.47903961932939,3.5629989624023
"3055","9","L13","Deciduous",25,1.56034045798163,11.9519966125488
"3056","9","M06","Deciduous",1,0.378867645388307,-1.2710006713867
"3057","9","M06","Deciduous",2,1.13068583280863,1.9970016479492
"3058","9","M06","Deciduous",3,0.0985155731728424,-2.5199966430664
"3059","9","M06","Deciduous",4,2.20166496700826,-0.477003479003898
"3060","9","M06","Deciduous",5,3.02993230906592,2.7939964294434
"3061","9","M06","Deciduous",6,2.06429115393454,2.9970016479492
"3062","9","M06","Deciduous",8,3.11548948059209,14.3710014343262
"3063","9","M06","Deciduous",9,4.7852492357187,4.5120010375977
"3064","9","M06","Deciduous",10,1.05575632625479,-1.7289985656738
"3065","9","M06","Deciduous",11,1.17320776842139,-1.5279960632324
"3066","9","M06","Deciduous",12,0.793323499370965,NA
"3067","9","M06","Deciduous",13,1.68071313120463,-2.5349975585938
"3068","9","M06","Deciduous",15,2.31381185504121,-2.162003326416
"3069","9","M06","Deciduous",16,0.969411194474416,-1.9569976806641
"3070","9","M06","Deciduous",17,0.915084695509277,-0.150001525878899
"3071","9","M06","Deciduous",18,1.60211583335147,-1.5819953918457
"3072","9","M06","Deciduous",21,2.77150867283714,0.193996429443398
"3073","9","M06","Deciduous",22,2.18997621047645,-3.0469985961914
"3074","9","M06","Deciduous",23,2.80764510028939,-1.5890045166016
"3075","9","M06","Deciduous",24,1.65329920838509,-3.7230018615723
"3076","9","M06","Deciduous",26,7.40885037634148,22.2109954833984
"3077","9","M12","Deciduous",2,3.72562470901328,12.4609985351562
"3078","9","M12","Deciduous",5,1.782701129402,NA
"3079","9","M12","Deciduous",6,2.36336436120916,7.0369987487793
"3080","9","M12","Deciduous",8,2.77516872721841,-0.0489990234374993
"3081","9","M12","Deciduous",9,1.18779459593405,-0.248999023437499
"3082","9","M12","Deciduous",10,2.88036366135759,9.5369987487793
"3083","9","M12","Deciduous",11,0.479491897611862,NA
"3084","9","M12","Deciduous",12,1.23620574297799,13.3910018920898
"3085","9","M12","Deciduous",14,2.01803131280335,NA
"3086","9","M12","Deciduous",15,2.48207442175857,1.0189971923828
"3087","9","M12","Deciduous",16,1.53743449605543,3.4189971923828
"3088","9","M12","Deciduous",18,1.23830853065133,0.3910003662109
"3089","9","M12","Deciduous",19,1.81344830824313,NA
"3090","9","M12","Deciduous",21,1.76884861634381,-6.1630012512207
"3091","9","M12","Deciduous",24,3.08808545202648,-7.9630012512207
"3092","9","M12","Deciduous",26,0.71503548076252,1.7510025024414
"3093","9","M12","Deciduous",28,1.22769741088921,12.9249984741211
"3094","9","M12","Deciduous",29,2.79570949058804,0.6189971923828
"3095","9","M14","Deciduous",1,1.95358426572708,-0.228000640869102
"3096","9","M14","Deciduous",2,1.81565178589506,3.0070030212402
"3097","9","M14","Deciduous",3,1.22192079296971,10.2710029602051
"3098","9","M14","Deciduous",4,2.7461729444034,-0.928997039794901
"3099","9","M14","Deciduous",5,2.066549757891,-0.205998229980501
"3100","9","M14","Deciduous",6,0.623444983949884,-3.4059982299805
"3101","9","M14","Deciduous",9,1.29363153144154,7.2050018310547
"3102","9","M14","Deciduous",12,1.54643700388855,NA
"3103","9","M14","Deciduous",14,0.854274529925704,8.7960021972656
"3104","9","M14","Deciduous",16,1.16083489376232,0.5360015869141
"3105","9","M14","Deciduous",17,1.89724095148534,4.7360015869141
"3106","9","M14","Deciduous",18,2.42712549369097,19.2270011901855
"3107","9","M14","Deciduous",19,1.21295247811867,16.5789993286133
"3108","9","M14","Deciduous",20,1.81126953063138,-1.9650001525879
"3109","9","M14","Deciduous",21,1.07184319746393,18.1920021057129
"3110","9","M14","Deciduous",23,3.14938600549703,15.8630004882812
"3111","9","M14","Deciduous",24,3.35914277822681,12.2859970092773
"3112","9","M14","Deciduous",25,1.89258054608722,15.0120018005371
"3113","9","M14","Deciduous",26,1.4224021263524,19.7120018005371
"3114","9","M14","Deciduous",28,2.4503981012826,-3.4970016479492
"3115","9","M14","Deciduous",29,2.20853083047407,-4.9019973754883
"3116","9","M14","Deciduous",30,1.40720062951892,-1.4970016479492
"3117","9","M14","Deciduous",31,2.55501494539392,13.7710029602051
"3118","9","M14","Deciduous",32,1.19107806971794,4.0830017089844
"3119","9","M14","Deciduous",33,2.74494470957987,4.5940017700195
"3120","9","M14","Deciduous",35,1.92911724194863,-5.798999786377
"3121","9","M14","Deciduous",36,0.751594037481889,4.5960021972656
"3122","9","M14","Deciduous",37,0.420518535986072,7.5610008239746
"3123","9","M14","Deciduous",38,2.15919942810639,-3.6389991760254
"3124","9","M14","Deciduous",39,2.15851419093247,-5.8639984130859
"3125","9","M14","Deciduous",40,3.3474655416663,3.1360015869141
"3126","9","M14","Deciduous",41,2.30108612687318,4.9789993286133
"3127","9","M14","Deciduous",42,1.90869881289433,2.1789993286133
"3128","9","M14","Deciduous",44,2.18762455900233,5.8289985656738
"3129","9","M14","Deciduous",45,1.61385160210002,NA
"3130","9","M14","Deciduous",47,1.88543440050903,16.5940017700195
"3131","9","M14","Deciduous",48,2.10731919535083,17.1840019226074
"3132","9","M14","Deciduous",49,1.40296119858355,17.2050018310547
"3133","9","M14","Deciduous",50,2.44142949926543,15.6240005493164
"3134","9","M14","Deciduous",51,0.816101866084703,12.701000213623
"3135","9","M14","Deciduous",52,0.866051481371151,15.7270011901855
"3136","9","M14","Deciduous",53,0.278197131194138,4.8289985656738
"3137","9","N05","Mixed",1,3.55678203137696,-4.462996673584
"3138","9","N05","Mixed",2,3.47200748404131,4.8529998779297
"3139","9","N05","Mixed",3,1.52484261483737,2.2529998779297
"3140","9","N05","Mixed",4,0.899767740420073,6.6719970703125
"3141","9","N05","Mixed",5,7.05235553776687,-0.0280029296875028
"3142","9","N05","Mixed",8,2.48067430350898,-0.218001556396501
"3143","9","N05","Mixed",9,5.60329768976154,NA
"3144","9","N05","Mixed",11,4.67991254221525,-3.2059944152832
"3145","9","N05","Mixed",12,2.97325825150822,0.0940055847168004
"3146","9","N05","Mixed",13,8.40101165298884,-4.262996673584
"3147","9","N05","Mixed",15,3.40190468820588,NA
"3148","9","N05","Mixed",17,4.31371386416039,NA
"3149","9","N05","Mixed",20,2.9957797432793,NA
"3150","9","N05","Mixed",21,1.0417408704708,NA
"3151","9","N05","Mixed",23,3.98431751329549,NA
"3152","9","N05","Mixed",25,3.01485575804073,NA
"3153","9","N05","Mixed",26,7.30775686218547,7.7819984436035
"3154","9","N05","Mixed",28,5.61456155400089,NA
"3155","9","N05","Mixed",29,9.1789135562636,NA
"3156","9","N05","Mixed",31,5.64897970871332,0.5940055847168
"3157","9","N05","Mixed",33,4.05898830367988,22.8429992675781
"3158","9","N05","Mixed",34,3.49465347717745,NA
"3159","9","N13","Deciduous",1,3.40478477811464,NA
"3160","9","N13","Deciduous",3,1.20422660809011,7.7589988708496
"3161","9","N13","Deciduous",5,1.86263033031976,16.0589996337891
"3162","9","N13","Deciduous",7,2.17129281648492,0.658999633789101
"3163","9","N13","Deciduous",8,1.39496123730512,-1.67299880981445
"3164","9","N13","Deciduous",12,2.67686770445417,4.69100189208984
"3165","9","N13","Deciduous",14,1.78295577814244,11.2589988708496
"3166","9","N13","Deciduous",15,1.23823825205708,NA
"3167","9","N13","Deciduous",16,1.49737007004696,16.025
"3168","9","N13","Deciduous",17,4.20782411362286,2.0389991760254
"3169","9","N13","Deciduous",18,2.09012669947387,2.0409980773926
"3170","9","N13","Deciduous",19,4.10351557984248,NA
"3171","9","N13","Deciduous",20,2.85429846859085,-7.0620002746582
"3172","9","N13","Deciduous",24,2.29260617739717,4.2179985046387
"3173","9","N13","Deciduous",26,0.425248162851022,12.625
"3174","9","N13","Deciduous",27,1.9165774101436,NA
"3175","9","N13","Deciduous",28,3.21123676192157,8.1349975585938
"3176","9","N13","Deciduous",29,2.417972181737,14.2999992370605
"3177","9","N13","Deciduous",30,0.844136753848245,15.9589988708496
"3178","9","N13","Deciduous",31,1.23699277034053,16.7390007019043
"3179","9","N13","Deciduous",32,1.17733491056765,13.906999206543
"3180","9","O07","Deciduous",1,2.51833376488522,-3.996997833252
"3181","9","O07","Deciduous",3,0.709714057300204,-3.2330001831055
"3182","9","O07","Deciduous",5,3.10562565806805,2.0490036010742
"3183","9","O07","Deciduous",8,7.63449312163959,-5.7349990844727
"3184","9","O07","Deciduous",9,0.581536814313985,-2.7349990844727
"3185","9","O07","Deciduous",10,1.74180333802322,-1.0349990844727
"3186","9","O07","Deciduous",12,3.47028254829567,-2.8660011291504
"3187","9","O07","Deciduous",13,0.901974604861948,0.515999603271499
"3188","9","O07","Deciduous",15,0.970166499359817,-0.655001068115197
"3189","9","O07","Deciduous",17,5.66275996843227,4.7700004577637
"3190","9","O07","Deciduous",18,5.45154235610817,0.7369979858398
"3191","9","O08","Deciduous",1,7.18372469438666,NA
"3192","9","O08","Deciduous",4,4.08120209125482,NA
"3193","9","O08","Deciduous",5,0.940514777637172,NA
"3194","9","O08","Deciduous",6,1.39047892529731,NA
"3195","9","O08","Deciduous",7,1.18456922843707,NA
"3196","9","O08","Deciduous",10,2.39926243135578,-1.5439949035645
"3197","9","O08","Deciduous",11,6.8764327080329,-1.7509994506836
"3198","9","O08","Deciduous",12,1.8251258554135,-1.1509994506836
"3199","9","O08","Deciduous",13,2.17762302390072,7.3789993286133
"3200","9","O08","Deciduous",14,4.85407095112524,-11.2739982604981
"3201","9","O08","Deciduous",15,3.25808365283124,3.42600173950195
"3202","9","O08","Deciduous",17,1.20523472526418,NA
"3203","9","O08","Deciduous",18,3.25751174372628,26.7630004882812
